example_id,task_group,context_len,context_window_id,variant,strict_template_parse_ok,robust_parse_ok,inferred_task,gold_task,task_match,inferred_answer_type,gold_answer_type,answer_type_match,prediction,gold,score,exact,error,original_question,variant_question
813080036,counting,8192,80010,original,True,True,TASK_TYPE.RELATIVE_FREQ,TASK_TYPE.RELATIVE_FREQ,True,ANSWER_TYPE.COMPARISON,ANSWER_TYPE.COMPARISON,True,more common than,more common than,1.0,True,,"In the above data, is label 'incorrect' more common, less common, or the same frequency as label 'correct'? Give your final answer in the form 'Answer: incorrect is [X] correct', where [X] is 'more common than', 'less common than', or 'same frequency as'.","In the above data, is label 'incorrect' more common, less common, or the same frequency as label 'correct'? Give your final answer in the form 'Answer: incorrect is [X] correct', where [X] is 'more common than', 'less common than', or 'same frequency as'."
813080036,counting,8192,80010,format_removed,True,True,TASK_TYPE.RELATIVE_FREQ,TASK_TYPE.RELATIVE_FREQ,True,ANSWER_TYPE.COMPARISON,ANSWER_TYPE.COMPARISON,True,more common than,more common than,1.0,True,,"In the above data, is label 'incorrect' more common, less common, or the same frequency as label 'correct'? Give your final answer in the form 'Answer: incorrect is [X] correct', where [X] is 'more common than', 'less common than', or 'same frequency as'.","In the above data, is label 'incorrect' more common, less common, or the same frequency as label 'correct'?"
813080036,counting,8192,80010,deterministic_paraphrase,False,True,TASK_TYPE.RELATIVE_FREQ,TASK_TYPE.RELATIVE_FREQ,True,ANSWER_TYPE.COMPARISON,ANSWER_TYPE.COMPARISON,True,more common than,more common than,1.0,True,,"In the above data, is label 'incorrect' more common, less common, or the same frequency as label 'correct'? Give your final answer in the form 'Answer: incorrect is [X] correct', where [X] is 'more common than', 'less common than', or 'same frequency as'.","Using only the records shown, compare how often the label 'incorrect' appears versus the label 'correct'; is 'incorrect' higher, lower, or tied?"
513050037,counting,8192,50010,original,True,True,TASK_TYPE.RELATIVE_FREQ,TASK_TYPE.RELATIVE_FREQ,True,ANSWER_TYPE.COMPARISON,ANSWER_TYPE.COMPARISON,True,more common than,more common than,1.0,True,,"In the above data, is label 'Science & Mathematics' more common, less common, or the same frequency as label 'Entertainment & Music'? Give your final answer in the form 'Answer: Science & Mathematics is [X] Entertainment & Music', where [X] is 'more common than', 'less common than', or 'same frequency as'.","In the above data, is label 'Science & Mathematics' more common, less common, or the same frequency as label 'Entertainment & Music'? Give your final answer in the form 'Answer: Science & Mathematics is [X] Entertainment & Music', where [X] is 'more common than', 'less common than', or 'same frequency as'."
513050037,counting,8192,50010,format_removed,True,True,TASK_TYPE.RELATIVE_FREQ,TASK_TYPE.RELATIVE_FREQ,True,ANSWER_TYPE.COMPARISON,ANSWER_TYPE.COMPARISON,True,more common than,more common than,1.0,True,,"In the above data, is label 'Science & Mathematics' more common, less common, or the same frequency as label 'Entertainment & Music'? Give your final answer in the form 'Answer: Science & Mathematics is [X] Entertainment & Music', where [X] is 'more common than', 'less common than', or 'same frequency as'.","In the above data, is label 'Science & Mathematics' more common, less common, or the same frequency as label 'Entertainment & Music'?"
513050037,counting,8192,50010,deterministic_paraphrase,False,True,TASK_TYPE.RELATIVE_FREQ,TASK_TYPE.RELATIVE_FREQ,True,ANSWER_TYPE.COMPARISON,ANSWER_TYPE.COMPARISON,True,more common than,more common than,1.0,True,,"In the above data, is label 'Science & Mathematics' more common, less common, or the same frequency as label 'Entertainment & Music'? Give your final answer in the form 'Answer: Science & Mathematics is [X] Entertainment & Music', where [X] is 'more common than', 'less common than', or 'same frequency as'.","Using only the records shown, compare how often the label 'Science & Mathematics' appears versus the label 'Entertainment & Music'; is 'Science & Mathematics' higher, lower, or tied?"
613060036,counting,8192,60010,original,True,True,TASK_TYPE.RELATIVE_FREQ,TASK_TYPE.RELATIVE_FREQ,True,ANSWER_TYPE.COMPARISON,ANSWER_TYPE.COMPARISON,True,more common than,more common than,1.0,True,,"In the above data, is label 'informal' more common, less common, or the same frequency as label 'formal'? Give your final answer in the form 'Answer: informal is [X] formal', where [X] is 'more common than', 'less common than', or 'same frequency as'.","In the above data, is label 'informal' more common, less common, or the same frequency as label 'formal'? Give your final answer in the form 'Answer: informal is [X] formal', where [X] is 'more common than', 'less common than', or 'same frequency as'."
613060036,counting,8192,60010,format_removed,True,True,TASK_TYPE.RELATIVE_FREQ,TASK_TYPE.RELATIVE_FREQ,True,ANSWER_TYPE.COMPARISON,ANSWER_TYPE.COMPARISON,True,more common than,more common than,1.0,True,,"In the above data, is label 'informal' more common, less common, or the same frequency as label 'formal'? Give your final answer in the form 'Answer: informal is [X] formal', where [X] is 'more common than', 'less common than', or 'same frequency as'.","In the above data, is label 'informal' more common, less common, or the same frequency as label 'formal'?"
613060036,counting,8192,60010,deterministic_paraphrase,False,True,TASK_TYPE.RELATIVE_FREQ,TASK_TYPE.RELATIVE_FREQ,True,ANSWER_TYPE.COMPARISON,ANSWER_TYPE.COMPARISON,True,more common than,more common than,1.0,True,,"In the above data, is label 'informal' more common, less common, or the same frequency as label 'formal'? Give your final answer in the form 'Answer: informal is [X] formal', where [X] is 'more common than', 'less common than', or 'same frequency as'.","Using only the records shown, compare how often the label 'informal' appears versus the label 'formal'; is 'informal' higher, lower, or tied?"
413040037,counting,8192,40010,original,True,True,TASK_TYPE.NUMERIC_ONE_CLASS,TASK_TYPE.NUMERIC_ONE_CLASS,True,ANSWER_TYPE.NUMERIC,ANSWER_TYPE.NUMERIC,True,101,87,0.017818,False,,"In the above data, how many data points should be classified as label 'False'? Give your final answer in the form 'Answer: number'.","In the above data, how many data points should be classified as label 'False'? Give your final answer in the form 'Answer: number'."
413040037,counting,8192,40010,format_removed,False,True,TASK_TYPE.NUMERIC_ONE_CLASS,TASK_TYPE.NUMERIC_ONE_CLASS,True,ANSWER_TYPE.NUMERIC,ANSWER_TYPE.NUMERIC,True,101,87,0.017818,False,,"In the above data, how many data points should be classified as label 'False'? Give your final answer in the form 'Answer: number'.","In the above data, how many data points should be classified as label 'False'?"
413040037,counting,8192,40010,deterministic_paraphrase,False,True,TASK_TYPE.NUMERIC_ONE_CLASS,TASK_TYPE.NUMERIC_ONE_CLASS,True,ANSWER_TYPE.NUMERIC,ANSWER_TYPE.NUMERIC,True,101,87,0.017818,False,,"In the above data, how many data points should be classified as label 'False'? Give your final answer in the form 'Answer: number'.","Using only the records shown, what is the count of records have the label 'False'?"
713070016,counting,8192,70009,original,True,True,TASK_TYPE.NUMERIC_ONE_CLASS,TASK_TYPE.NUMERIC_ONE_CLASS,True,ANSWER_TYPE.NUMERIC,ANSWER_TYPE.NUMERIC,True,31,23,0.100113,False,,"In the above data, how many data points should be classified as label 'neutral'? Give your final answer in the form 'Answer: number'.","In the above data, how many data points should be classified as label 'neutral'? Give your final answer in the form 'Answer: number'."
713070016,counting,8192,70009,format_removed,False,True,TASK_TYPE.NUMERIC_ONE_CLASS,TASK_TYPE.NUMERIC_ONE_CLASS,True,ANSWER_TYPE.NUMERIC,ANSWER_TYPE.NUMERIC,True,31,23,0.100113,False,,"In the above data, how many data points should be classified as label 'neutral'? Give your final answer in the form 'Answer: number'.","In the above data, how many data points should be classified as label 'neutral'?"
713070016,counting,8192,70009,deterministic_paraphrase,False,True,TASK_TYPE.NUMERIC_ONE_CLASS,TASK_TYPE.NUMERIC_ONE_CLASS,True,ANSWER_TYPE.NUMERIC,ANSWER_TYPE.NUMERIC,True,31,23,0.100113,False,,"In the above data, how many data points should be classified as label 'neutral'? Give your final answer in the form 'Answer: number'.","Using only the records shown, what is the count of records have the label 'neutral'?"
813080011,counting,8192,80009,original,True,True,TASK_TYPE.RELATIVE_FREQ,TASK_TYPE.RELATIVE_FREQ,True,ANSWER_TYPE.COMPARISON,ANSWER_TYPE.COMPARISON,True,more common than,more common than,1.0,True,,"In the above data, is label 'incorrect' more common, less common, or the same frequency as label 'correct'? Give your final answer in the form 'Answer: incorrect is [X] correct', where [X] is 'more common than', 'less common than', or 'same frequency as'.","In the above data, is label 'incorrect' more common, less common, or the same frequency as label 'correct'? Give your final answer in the form 'Answer: incorrect is [X] correct', where [X] is 'more common than', 'less common than', or 'same frequency as'."
813080011,counting,8192,80009,format_removed,True,True,TASK_TYPE.RELATIVE_FREQ,TASK_TYPE.RELATIVE_FREQ,True,ANSWER_TYPE.COMPARISON,ANSWER_TYPE.COMPARISON,True,more common than,more common than,1.0,True,,"In the above data, is label 'incorrect' more common, less common, or the same frequency as label 'correct'? Give your final answer in the form 'Answer: incorrect is [X] correct', where [X] is 'more common than', 'less common than', or 'same frequency as'.","In the above data, is label 'incorrect' more common, less common, or the same frequency as label 'correct'?"
813080011,counting,8192,80009,deterministic_paraphrase,False,True,TASK_TYPE.RELATIVE_FREQ,TASK_TYPE.RELATIVE_FREQ,True,ANSWER_TYPE.COMPARISON,ANSWER_TYPE.COMPARISON,True,more common than,more common than,1.0,True,,"In the above data, is label 'incorrect' more common, less common, or the same frequency as label 'correct'? Give your final answer in the form 'Answer: incorrect is [X] correct', where [X] is 'more common than', 'less common than', or 'same frequency as'.","Using only the records shown, compare how often the label 'incorrect' appears versus the label 'correct'; is 'incorrect' higher, lower, or tied?"
713070040,counting,8192,70010,original,True,True,TASK_TYPE.NUMERIC_ONE_CLASS,TASK_TYPE.NUMERIC_ONE_CLASS,True,ANSWER_TYPE.NUMERIC,ANSWER_TYPE.NUMERIC,True,29,23,0.177979,False,,"In the above data, how many data points should be classified as label 'neutral'? Give your final answer in the form 'Answer: number'.","In the above data, how many data points should be classified as label 'neutral'? Give your final answer in the form 'Answer: number'."
713070040,counting,8192,70010,format_removed,False,True,TASK_TYPE.NUMERIC_ONE_CLASS,TASK_TYPE.NUMERIC_ONE_CLASS,True,ANSWER_TYPE.NUMERIC,ANSWER_TYPE.NUMERIC,True,29,23,0.177979,False,,"In the above data, how many data points should be classified as label 'neutral'? Give your final answer in the form 'Answer: number'.","In the above data, how many data points should be classified as label 'neutral'?"
713070040,counting,8192,70010,deterministic_paraphrase,False,True,TASK_TYPE.NUMERIC_ONE_CLASS,TASK_TYPE.NUMERIC_ONE_CLASS,True,ANSWER_TYPE.NUMERIC,ANSWER_TYPE.NUMERIC,True,29,23,0.177979,False,,"In the above data, how many data points should be classified as label 'neutral'? Give your final answer in the form 'Answer: number'.","Using only the records shown, what is the count of records have the label 'neutral'?"
913090012,counting,8192,90009,original,True,True,TASK_TYPE.NUMERIC_ONE_CLASS,TASK_TYPE.NUMERIC_ONE_CLASS,True,ANSWER_TYPE.NUMERIC,ANSWER_TYPE.NUMERIC,True,90,99,0.075085,False,,"In the above data, how many data points should be classified as label 'negative'? Give your final answer in the form 'Answer: number'.","In the above data, how many data points should be classified as label 'negative'? Give your final answer in the form 'Answer: number'."
913090012,counting,8192,90009,format_removed,False,True,TASK_TYPE.NUMERIC_ONE_CLASS,TASK_TYPE.NUMERIC_ONE_CLASS,True,ANSWER_TYPE.NUMERIC,ANSWER_TYPE.NUMERIC,True,90,99,0.075085,False,,"In the above data, how many data points should be classified as label 'negative'? Give your final answer in the form 'Answer: number'.","In the above data, how many data points should be classified as label 'negative'?"
913090012,counting,8192,90009,deterministic_paraphrase,False,True,TASK_TYPE.NUMERIC_ONE_CLASS,TASK_TYPE.NUMERIC_ONE_CLASS,True,ANSWER_TYPE.NUMERIC,ANSWER_TYPE.NUMERIC,True,90,99,0.075085,False,,"In the above data, how many data points should be classified as label 'negative'? Give your final answer in the form 'Answer: number'.","Using only the records shown, what is the count of records have the label 'negative'?"
514050052,counting,16384,50013,original,True,True,TASK_TYPE.RELATIVE_FREQ,TASK_TYPE.RELATIVE_FREQ,True,ANSWER_TYPE.COMPARISON,ANSWER_TYPE.COMPARISON,True,more common than,more common than,1.0,True,,"In the above data, is label 'Sports' more common, less common, or the same frequency as label 'Health'? Give your final answer in the form 'Answer: Sports is [X] Health', where [X] is 'more common than', 'less common than', or 'same frequency as'.","In the above data, is label 'Sports' more common, less common, or the same frequency as label 'Health'? Give your final answer in the form 'Answer: Sports is [X] Health', where [X] is 'more common than', 'less common than', or 'same frequency as'."
514050052,counting,16384,50013,format_removed,True,True,TASK_TYPE.RELATIVE_FREQ,TASK_TYPE.RELATIVE_FREQ,True,ANSWER_TYPE.COMPARISON,ANSWER_TYPE.COMPARISON,True,more common than,more common than,1.0,True,,"In the above data, is label 'Sports' more common, less common, or the same frequency as label 'Health'? Give your final answer in the form 'Answer: Sports is [X] Health', where [X] is 'more common than', 'less common than', or 'same frequency as'.","In the above data, is label 'Sports' more common, less common, or the same frequency as label 'Health'?"
514050052,counting,16384,50013,deterministic_paraphrase,False,True,TASK_TYPE.RELATIVE_FREQ,TASK_TYPE.RELATIVE_FREQ,True,ANSWER_TYPE.COMPARISON,ANSWER_TYPE.COMPARISON,True,more common than,more common than,1.0,True,,"In the above data, is label 'Sports' more common, less common, or the same frequency as label 'Health'? Give your final answer in the form 'Answer: Sports is [X] Health', where [X] is 'more common than', 'less common than', or 'same frequency as'.","Using only the records shown, compare how often the label 'Sports' appears versus the label 'Health'; is 'Sports' higher, lower, or tied?"
714070039,counting,16384,70013,original,True,True,TASK_TYPE.RELATIVE_FREQ,TASK_TYPE.RELATIVE_FREQ,True,ANSWER_TYPE.COMPARISON,ANSWER_TYPE.COMPARISON,True,more common than,more common than,1.0,True,,"In the above data, is label 'entailment' more common, less common, or the same frequency as label 'contradiction'? Give your final answer in the form 'Answer: entailment is [X] contradiction', where [X] is 'more common than', 'less common than', or 'same frequency as'.","In the above data, is label 'entailment' more common, less common, or the same frequency as label 'contradiction'? Give your final answer in the form 'Answer: entailment is [X] contradiction', where [X] is 'more common than', 'less common than', or 'same frequency as'."
714070039,counting,16384,70013,format_removed,True,True,TASK_TYPE.RELATIVE_FREQ,TASK_TYPE.RELATIVE_FREQ,True,ANSWER_TYPE.COMPARISON,ANSWER_TYPE.COMPARISON,True,more common than,more common than,1.0,True,,"In the above data, is label 'entailment' more common, less common, or the same frequency as label 'contradiction'? Give your final answer in the form 'Answer: entailment is [X] contradiction', where [X] is 'more common than', 'less common than', or 'same frequency as'.","In the above data, is label 'entailment' more common, less common, or the same frequency as label 'contradiction'?"
714070039,counting,16384,70013,deterministic_paraphrase,False,True,TASK_TYPE.RELATIVE_FREQ,TASK_TYPE.RELATIVE_FREQ,True,ANSWER_TYPE.COMPARISON,ANSWER_TYPE.COMPARISON,True,more common than,more common than,1.0,True,,"In the above data, is label 'entailment' more common, less common, or the same frequency as label 'contradiction'? Give your final answer in the form 'Answer: entailment is [X] contradiction', where [X] is 'more common than', 'less common than', or 'same frequency as'.","Using only the records shown, compare how often the label 'entailment' appears versus the label 'contradiction'; is 'entailment' higher, lower, or tied?"
814080039,counting,16384,80013,original,True,True,TASK_TYPE.RELATIVE_FREQ,TASK_TYPE.RELATIVE_FREQ,True,ANSWER_TYPE.COMPARISON,ANSWER_TYPE.COMPARISON,True,more common than,more common than,1.0,True,,"In the above data, is label 'correct' more common, less common, or the same frequency as label 'incorrect'? Give your final answer in the form 'Answer: correct is [X] incorrect', where [X] is 'more common than', 'less common than', or 'same frequency as'.","In the above data, is label 'correct' more common, less common, or the same frequency as label 'incorrect'? Give your final answer in the form 'Answer: correct is [X] incorrect', where [X] is 'more common than', 'less common than', or 'same frequency as'."
814080039,counting,16384,80013,format_removed,True,True,TASK_TYPE.RELATIVE_FREQ,TASK_TYPE.RELATIVE_FREQ,True,ANSWER_TYPE.COMPARISON,ANSWER_TYPE.COMPARISON,True,more common than,more common than,1.0,True,,"In the above data, is label 'correct' more common, less common, or the same frequency as label 'incorrect'? Give your final answer in the form 'Answer: correct is [X] incorrect', where [X] is 'more common than', 'less common than', or 'same frequency as'.","In the above data, is label 'correct' more common, less common, or the same frequency as label 'incorrect'?"
814080039,counting,16384,80013,deterministic_paraphrase,False,True,TASK_TYPE.RELATIVE_FREQ,TASK_TYPE.RELATIVE_FREQ,True,ANSWER_TYPE.COMPARISON,ANSWER_TYPE.COMPARISON,True,more common than,more common than,1.0,True,,"In the above data, is label 'correct' more common, less common, or the same frequency as label 'incorrect'? Give your final answer in the form 'Answer: correct is [X] incorrect', where [X] is 'more common than', 'less common than', or 'same frequency as'.","Using only the records shown, compare how often the label 'correct' appears versus the label 'incorrect'; is 'correct' higher, lower, or tied?"
214020012,counting,16384,20012,original,True,True,TASK_TYPE.MOST_FREQ,TASK_TYPE.MOST_FREQ,True,ANSWER_TYPE.LABEL,ANSWER_TYPE.LABEL,True,positive,positive,1.0,True,,"In the above data, which of the labels is the most common? Give your final answer in the form 'Label: answer' where answer is one of the labels: negative, positive.","In the above data, which of the labels is the most common? Give your final answer in the form 'Label: answer' where answer is one of the labels: negative, positive."
214020012,counting,16384,20012,format_removed,False,True,TASK_TYPE.MOST_FREQ,TASK_TYPE.MOST_FREQ,True,ANSWER_TYPE.LABEL,ANSWER_TYPE.LABEL,True,positive,positive,1.0,True,,"In the above data, which of the labels is the most common? Give your final answer in the form 'Label: answer' where answer is one of the labels: negative, positive.","In the above data, which of the labels is the most common?"
214020012,counting,16384,20012,deterministic_paraphrase,False,True,TASK_TYPE.MOST_FREQ,TASK_TYPE.MOST_FREQ,True,ANSWER_TYPE.LABEL,ANSWER_TYPE.LABEL,True,positive,positive,1.0,True,,"In the above data, which of the labels is the most common? Give your final answer in the form 'Label: answer' where answer is one of the labels: negative, positive.","Using only the records shown, which label appears most frequently?"
314030019,counting,16384,30012,original,True,True,TASK_TYPE.RELATIVE_FREQ,TASK_TYPE.RELATIVE_FREQ,True,ANSWER_TYPE.COMPARISON,ANSWER_TYPE.COMPARISON,True,more common than,less common than,0.0,False,,"In the above data, is label 'World' more common, less common, or the same frequency as label 'Sci/Tech'? Give your final answer in the form 'Answer: World is [X] Sci/Tech', where [X] is 'more common than', 'less common than', or 'same frequency as'.","In the above data, is label 'World' more common, less common, or the same frequency as label 'Sci/Tech'? Give your final answer in the form 'Answer: World is [X] Sci/Tech', where [X] is 'more common than', 'less common than', or 'same frequency as'."
314030019,counting,16384,30012,format_removed,True,True,TASK_TYPE.RELATIVE_FREQ,TASK_TYPE.RELATIVE_FREQ,True,ANSWER_TYPE.COMPARISON,ANSWER_TYPE.COMPARISON,True,more common than,less common than,0.0,False,,"In the above data, is label 'World' more common, less common, or the same frequency as label 'Sci/Tech'? Give your final answer in the form 'Answer: World is [X] Sci/Tech', where [X] is 'more common than', 'less common than', or 'same frequency as'.","In the above data, is label 'World' more common, less common, or the same frequency as label 'Sci/Tech'?"
314030019,counting,16384,30012,deterministic_paraphrase,False,True,TASK_TYPE.RELATIVE_FREQ,TASK_TYPE.RELATIVE_FREQ,True,ANSWER_TYPE.COMPARISON,ANSWER_TYPE.COMPARISON,True,more common than,less common than,0.0,False,,"In the above data, is label 'World' more common, less common, or the same frequency as label 'Sci/Tech'? Give your final answer in the form 'Answer: World is [X] Sci/Tech', where [X] is 'more common than', 'less common than', or 'same frequency as'.","Using only the records shown, compare how often the label 'World' appears versus the label 'Sci/Tech'; is 'World' higher, lower, or tied?"
814080015,counting,16384,80012,original,True,True,TASK_TYPE.NUMERIC_ONE_CLASS,TASK_TYPE.NUMERIC_ONE_CLASS,True,ANSWER_TYPE.NUMERIC,ANSWER_TYPE.NUMERIC,True,135,157,0.001784,False,,"In the above data, how many data points should be classified as label 'correct'? Give your final answer in the form 'Answer: number'.","In the above data, how many data points should be classified as label 'correct'? Give your final answer in the form 'Answer: number'."
814080015,counting,16384,80012,format_removed,False,True,TASK_TYPE.NUMERIC_ONE_CLASS,TASK_TYPE.NUMERIC_ONE_CLASS,True,ANSWER_TYPE.NUMERIC,ANSWER_TYPE.NUMERIC,True,135,157,0.001784,False,,"In the above data, how many data points should be classified as label 'correct'? Give your final answer in the form 'Answer: number'.","In the above data, how many data points should be classified as label 'correct'?"
814080015,counting,16384,80012,deterministic_paraphrase,False,True,TASK_TYPE.NUMERIC_ONE_CLASS,TASK_TYPE.NUMERIC_ONE_CLASS,True,ANSWER_TYPE.NUMERIC,ANSWER_TYPE.NUMERIC,True,135,157,0.001784,False,,"In the above data, how many data points should be classified as label 'correct'? Give your final answer in the form 'Answer: number'.","Using only the records shown, what is the count of records have the label 'correct'?"
514050021,counting,16384,50012,original,True,True,TASK_TYPE.RELATIVE_FREQ,TASK_TYPE.RELATIVE_FREQ,True,ANSWER_TYPE.COMPARISON,ANSWER_TYPE.COMPARISON,True,less common than,less common than,1.0,True,,"In the above data, is label 'Education & Reference' more common, less common, or the same frequency as label 'Society & Culture'? Give your final answer in the form 'Answer: Education & Reference is [X] Society & Culture', where [X] is 'more common than', 'less common than', or 'same frequency as'.","In the above data, is label 'Education & Reference' more common, less common, or the same frequency as label 'Society & Culture'? Give your final answer in the form 'Answer: Education & Reference is [X] Society & Culture', where [X] is 'more common than', 'less common than', or 'same frequency as'."
514050021,counting,16384,50012,format_removed,True,True,TASK_TYPE.RELATIVE_FREQ,TASK_TYPE.RELATIVE_FREQ,True,ANSWER_TYPE.COMPARISON,ANSWER_TYPE.COMPARISON,True,less common than,less common than,1.0,True,,"In the above data, is label 'Education & Reference' more common, less common, or the same frequency as label 'Society & Culture'? Give your final answer in the form 'Answer: Education & Reference is [X] Society & Culture', where [X] is 'more common than', 'less common than', or 'same frequency as'.","In the above data, is label 'Education & Reference' more common, less common, or the same frequency as label 'Society & Culture'?"
514050021,counting,16384,50012,deterministic_paraphrase,False,True,TASK_TYPE.RELATIVE_FREQ,TASK_TYPE.RELATIVE_FREQ,True,ANSWER_TYPE.COMPARISON,ANSWER_TYPE.COMPARISON,True,less common than,less common than,1.0,True,,"In the above data, is label 'Education & Reference' more common, less common, or the same frequency as label 'Society & Culture'? Give your final answer in the form 'Answer: Education & Reference is [X] Society & Culture', where [X] is 'more common than', 'less common than', or 'same frequency as'.","Using only the records shown, compare how often the label 'Education & Reference' appears versus the label 'Society & Culture'; is 'Education & Reference' higher, lower, or tied?"
414040014,counting,16384,40012,original,True,True,TASK_TYPE.NUMERIC_ONE_CLASS,TASK_TYPE.NUMERIC_ONE_CLASS,True,ANSWER_TYPE.NUMERIC,ANSWER_TYPE.NUMERIC,True,109,168,0.0,False,,"In the above data, how many data points should be classified as label 'True'? Give your final answer in the form 'Answer: number'.","In the above data, how many data points should be classified as label 'True'? Give your final answer in the form 'Answer: number'."
414040014,counting,16384,40012,format_removed,False,True,TASK_TYPE.NUMERIC_ONE_CLASS,TASK_TYPE.NUMERIC_ONE_CLASS,True,ANSWER_TYPE.NUMERIC,ANSWER_TYPE.NUMERIC,True,109,168,0.0,False,,"In the above data, how many data points should be classified as label 'True'? Give your final answer in the form 'Answer: number'.","In the above data, how many data points should be classified as label 'True'?"
414040014,counting,16384,40012,deterministic_paraphrase,False,True,TASK_TYPE.NUMERIC_ONE_CLASS,TASK_TYPE.NUMERIC_ONE_CLASS,True,ANSWER_TYPE.NUMERIC,ANSWER_TYPE.NUMERIC,True,109,168,0.0,False,,"In the above data, how many data points should be classified as label 'True'? Give your final answer in the form 'Answer: number'.","Using only the records shown, what is the count of records have the label 'True'?"
815080229,counting,32768,80001,original,True,True,TASK_TYPE.NUMERIC_ONE_CLASS,TASK_TYPE.NUMERIC_ONE_CLASS,True,ANSWER_TYPE.NUMERIC,ANSWER_TYPE.NUMERIC,True,333,341,0.100113,False,,"In the above data, how many data points should be classified as label 'correct'? Give your final answer in the form 'Answer: number'.","In the above data, how many data points should be classified as label 'correct'? Give your final answer in the form 'Answer: number'."
815080229,counting,32768,80001,format_removed,False,True,TASK_TYPE.NUMERIC_ONE_CLASS,TASK_TYPE.NUMERIC_ONE_CLASS,True,ANSWER_TYPE.NUMERIC,ANSWER_TYPE.NUMERIC,True,333,341,0.100113,False,,"In the above data, how many data points should be classified as label 'correct'? Give your final answer in the form 'Answer: number'.","In the above data, how many data points should be classified as label 'correct'?"
815080229,counting,32768,80001,deterministic_paraphrase,False,True,TASK_TYPE.NUMERIC_ONE_CLASS,TASK_TYPE.NUMERIC_ONE_CLASS,True,ANSWER_TYPE.NUMERIC,ANSWER_TYPE.NUMERIC,True,333,341,0.100113,False,,"In the above data, how many data points should be classified as label 'correct'? Give your final answer in the form 'Answer: number'.","Using only the records shown, what is the count of records have the label 'correct'?"
715070042,counting,32768,70017,original,True,True,TASK_TYPE.LEAST_FREQ,TASK_TYPE.LEAST_FREQ,True,ANSWER_TYPE.LABEL,ANSWER_TYPE.LABEL,True,contradiction,entailment,0.0,False,,"In the above data, which of the labels is the least common? Give your final answer in the form 'Label: answer' where answer is one of the labels: contradiction, neutral, entailment.","In the above data, which of the labels is the least common? Give your final answer in the form 'Label: answer' where answer is one of the labels: contradiction, neutral, entailment."
715070042,counting,32768,70017,format_removed,False,True,TASK_TYPE.LEAST_FREQ,TASK_TYPE.LEAST_FREQ,True,ANSWER_TYPE.LABEL,ANSWER_TYPE.LABEL,True,contradiction,entailment,0.0,False,,"In the above data, which of the labels is the least common? Give your final answer in the form 'Label: answer' where answer is one of the labels: contradiction, neutral, entailment.","In the above data, which of the labels is the least common?"
715070042,counting,32768,70017,deterministic_paraphrase,False,True,TASK_TYPE.LEAST_FREQ,TASK_TYPE.LEAST_FREQ,True,ANSWER_TYPE.LABEL,ANSWER_TYPE.LABEL,True,contradiction,entailment,0.0,False,,"In the above data, which of the labels is the least common? Give your final answer in the form 'Label: answer' where answer is one of the labels: contradiction, neutral, entailment.","Using only the records shown, which label appears least frequently?"
515050051,counting,32768,50017,original,True,True,TASK_TYPE.RELATIVE_FREQ,TASK_TYPE.RELATIVE_FREQ,True,ANSWER_TYPE.COMPARISON,ANSWER_TYPE.COMPARISON,True,more common than,more common than,1.0,True,,"In the above data, is label 'Sports' more common, less common, or the same frequency as label 'Society & Culture'? Give your final answer in the form 'Answer: Sports is [X] Society & Culture', where [X] is 'more common than', 'less common than', or 'same frequency as'.","In the above data, is label 'Sports' more common, less common, or the same frequency as label 'Society & Culture'? Give your final answer in the form 'Answer: Sports is [X] Society & Culture', where [X] is 'more common than', 'less common than', or 'same frequency as'."
515050051,counting,32768,50017,format_removed,True,True,TASK_TYPE.RELATIVE_FREQ,TASK_TYPE.RELATIVE_FREQ,True,ANSWER_TYPE.COMPARISON,ANSWER_TYPE.COMPARISON,True,more common than,more common than,1.0,True,,"In the above data, is label 'Sports' more common, less common, or the same frequency as label 'Society & Culture'? Give your final answer in the form 'Answer: Sports is [X] Society & Culture', where [X] is 'more common than', 'less common than', or 'same frequency as'.","In the above data, is label 'Sports' more common, less common, or the same frequency as label 'Society & Culture'?"
515050051,counting,32768,50017,deterministic_paraphrase,False,True,TASK_TYPE.RELATIVE_FREQ,TASK_TYPE.RELATIVE_FREQ,True,ANSWER_TYPE.COMPARISON,ANSWER_TYPE.COMPARISON,True,more common than,more common than,1.0,True,,"In the above data, is label 'Sports' more common, less common, or the same frequency as label 'Society & Culture'? Give your final answer in the form 'Answer: Sports is [X] Society & Culture', where [X] is 'more common than', 'less common than', or 'same frequency as'.","Using only the records shown, compare how often the label 'Sports' appears versus the label 'Society & Culture'; is 'Sports' higher, lower, or tied?"
215020017,counting,32768,20016,original,True,True,TASK_TYPE.LEAST_FREQ,TASK_TYPE.LEAST_FREQ,True,ANSWER_TYPE.LABEL,ANSWER_TYPE.LABEL,True,negative,negative,1.0,True,,"In the above data, which of the labels is the least common? Give your final answer in the form 'Label: answer' where answer is one of the labels: negative, positive.","In the above data, which of the labels is the least common? Give your final answer in the form 'Label: answer' where answer is one of the labels: negative, positive."
215020017,counting,32768,20016,format_removed,False,True,TASK_TYPE.LEAST_FREQ,TASK_TYPE.LEAST_FREQ,True,ANSWER_TYPE.LABEL,ANSWER_TYPE.LABEL,True,negative,negative,1.0,True,,"In the above data, which of the labels is the least common? Give your final answer in the form 'Label: answer' where answer is one of the labels: negative, positive.","In the above data, which of the labels is the least common?"
215020017,counting,32768,20016,deterministic_paraphrase,False,True,TASK_TYPE.LEAST_FREQ,TASK_TYPE.LEAST_FREQ,True,ANSWER_TYPE.LABEL,ANSWER_TYPE.LABEL,True,negative,negative,1.0,True,,"In the above data, which of the labels is the least common? Give your final answer in the form 'Label: answer' where answer is one of the labels: negative, positive.","Using only the records shown, which label appears least frequently?"
315030049,counting,32768,30017,original,True,True,TASK_TYPE.NUMERIC_ONE_CLASS,TASK_TYPE.NUMERIC_ONE_CLASS,True,ANSWER_TYPE.NUMERIC,ANSWER_TYPE.NUMERIC,True,75,87,0.031676,False,,"In the above data, how many data points should be classified as label 'Sci/Tech'? Give your final answer in the form 'Answer: number'.","In the above data, how many data points should be classified as label 'Sci/Tech'? Give your final answer in the form 'Answer: number'."
315030049,counting,32768,30017,format_removed,False,True,TASK_TYPE.NUMERIC_ONE_CLASS,TASK_TYPE.NUMERIC_ONE_CLASS,True,ANSWER_TYPE.NUMERIC,ANSWER_TYPE.NUMERIC,True,75,87,0.031676,False,,"In the above data, how many data points should be classified as label 'Sci/Tech'? Give your final answer in the form 'Answer: number'.","In the above data, how many data points should be classified as label 'Sci/Tech'?"
315030049,counting,32768,30017,deterministic_paraphrase,False,True,TASK_TYPE.NUMERIC_ONE_CLASS,TASK_TYPE.NUMERIC_ONE_CLASS,True,ANSWER_TYPE.NUMERIC,ANSWER_TYPE.NUMERIC,True,75,87,0.031676,False,,"In the above data, how many data points should be classified as label 'Sci/Tech'? Give your final answer in the form 'Answer: number'.","Using only the records shown, what is the count of records have the label 'Sci/Tech'?"
615060017,counting,32768,60016,original,True,True,TASK_TYPE.LEAST_FREQ,TASK_TYPE.LEAST_FREQ,True,ANSWER_TYPE.LABEL,ANSWER_TYPE.LABEL,True,formal,formal,1.0,True,,"In the above data, which of the labels is the least common? Give your final answer in the form 'Label: answer' where answer is one of the labels: formal, informal.","In the above data, which of the labels is the least common? Give your final answer in the form 'Label: answer' where answer is one of the labels: formal, informal."
615060017,counting,32768,60016,format_removed,False,True,TASK_TYPE.LEAST_FREQ,TASK_TYPE.LEAST_FREQ,True,ANSWER_TYPE.LABEL,ANSWER_TYPE.LABEL,True,formal,formal,1.0,True,,"In the above data, which of the labels is the least common? Give your final answer in the form 'Label: answer' where answer is one of the labels: formal, informal.","In the above data, which of the labels is the least common?"
615060017,counting,32768,60016,deterministic_paraphrase,False,True,TASK_TYPE.LEAST_FREQ,TASK_TYPE.LEAST_FREQ,True,ANSWER_TYPE.LABEL,ANSWER_TYPE.LABEL,True,formal,formal,1.0,True,,"In the above data, which of the labels is the least common? Give your final answer in the form 'Label: answer' where answer is one of the labels: formal, informal.","Using only the records shown, which label appears least frequently?"
415040019,counting,32768,40016,original,True,True,TASK_TYPE.NUMERIC_ONE_CLASS,TASK_TYPE.NUMERIC_ONE_CLASS,True,ANSWER_TYPE.NUMERIC,ANSWER_TYPE.NUMERIC,True,180,261,0.0,False,,"In the above data, how many data points should be classified as label 'True'? Give your final answer in the form 'Answer: number'.","In the above data, how many data points should be classified as label 'True'? Give your final answer in the form 'Answer: number'."
415040019,counting,32768,40016,format_removed,False,True,TASK_TYPE.NUMERIC_ONE_CLASS,TASK_TYPE.NUMERIC_ONE_CLASS,True,ANSWER_TYPE.NUMERIC,ANSWER_TYPE.NUMERIC,True,180,261,0.0,False,,"In the above data, how many data points should be classified as label 'True'? Give your final answer in the form 'Answer: number'.","In the above data, how many data points should be classified as label 'True'?"
415040019,counting,32768,40016,deterministic_paraphrase,False,True,TASK_TYPE.NUMERIC_ONE_CLASS,TASK_TYPE.NUMERIC_ONE_CLASS,True,ANSWER_TYPE.NUMERIC,ANSWER_TYPE.NUMERIC,True,180,261,0.0,False,,"In the above data, how many data points should be classified as label 'True'? Give your final answer in the form 'Answer: number'.","Using only the records shown, what is the count of records have the label 'True'?"
715070019,counting,32768,70016,original,True,True,TASK_TYPE.RELATIVE_FREQ,TASK_TYPE.RELATIVE_FREQ,True,ANSWER_TYPE.COMPARISON,ANSWER_TYPE.COMPARISON,True,more common than,more common than,1.0,True,,"In the above data, is label 'entailment' more common, less common, or the same frequency as label 'contradiction'? Give your final answer in the form 'Answer: entailment is [X] contradiction', where [X] is 'more common than', 'less common than', or 'same frequency as'.","In the above data, is label 'entailment' more common, less common, or the same frequency as label 'contradiction'? Give your final answer in the form 'Answer: entailment is [X] contradiction', where [X] is 'more common than', 'less common than', or 'same frequency as'."
715070019,counting,32768,70016,format_removed,True,True,TASK_TYPE.RELATIVE_FREQ,TASK_TYPE.RELATIVE_FREQ,True,ANSWER_TYPE.COMPARISON,ANSWER_TYPE.COMPARISON,True,more common than,more common than,1.0,True,,"In the above data, is label 'entailment' more common, less common, or the same frequency as label 'contradiction'? Give your final answer in the form 'Answer: entailment is [X] contradiction', where [X] is 'more common than', 'less common than', or 'same frequency as'.","In the above data, is label 'entailment' more common, less common, or the same frequency as label 'contradiction'?"
715070019,counting,32768,70016,deterministic_paraphrase,False,True,TASK_TYPE.RELATIVE_FREQ,TASK_TYPE.RELATIVE_FREQ,True,ANSWER_TYPE.COMPARISON,ANSWER_TYPE.COMPARISON,True,more common than,more common than,1.0,True,,"In the above data, is label 'entailment' more common, less common, or the same frequency as label 'contradiction'? Give your final answer in the form 'Answer: entailment is [X] contradiction', where [X] is 'more common than', 'less common than', or 'same frequency as'.","Using only the records shown, compare how often the label 'entailment' appears versus the label 'contradiction'; is 'entailment' higher, lower, or tied?"
916090019,counting,65536,90018,original,True,True,TASK_TYPE.NUMERIC_ONE_CLASS,TASK_TYPE.NUMERIC_ONE_CLASS,True,ANSWER_TYPE.NUMERIC,ANSWER_TYPE.NUMERIC,True,654,623,0.000134,False,,"In the above data, how many data points should be classified as label 'positive'? Give your final answer in the form 'Answer: number'.","In the above data, how many data points should be classified as label 'positive'? Give your final answer in the form 'Answer: number'."
916090019,counting,65536,90018,format_removed,False,True,TASK_TYPE.NUMERIC_ONE_CLASS,TASK_TYPE.NUMERIC_ONE_CLASS,True,ANSWER_TYPE.NUMERIC,ANSWER_TYPE.NUMERIC,True,654,623,0.000134,False,,"In the above data, how many data points should be classified as label 'positive'? Give your final answer in the form 'Answer: number'.","In the above data, how many data points should be classified as label 'positive'?"
916090019,counting,65536,90018,deterministic_paraphrase,False,True,TASK_TYPE.NUMERIC_ONE_CLASS,TASK_TYPE.NUMERIC_ONE_CLASS,True,ANSWER_TYPE.NUMERIC,ANSWER_TYPE.NUMERIC,True,654,623,0.000134,False,,"In the above data, how many data points should be classified as label 'positive'? Give your final answer in the form 'Answer: number'.","Using only the records shown, what is the count of records have the label 'positive'?"
816080230,counting,65536,80004,original,True,True,TASK_TYPE.NUMERIC_ONE_CLASS,TASK_TYPE.NUMERIC_ONE_CLASS,True,ANSWER_TYPE.NUMERIC,ANSWER_TYPE.NUMERIC,True,608,613,0.237305,False,,"In the above data, how many data points should be classified as label 'correct'? Give your final answer in the form 'Answer: number'.","In the above data, how many data points should be classified as label 'correct'? Give your final answer in the form 'Answer: number'."
816080230,counting,65536,80004,format_removed,False,True,TASK_TYPE.NUMERIC_ONE_CLASS,TASK_TYPE.NUMERIC_ONE_CLASS,True,ANSWER_TYPE.NUMERIC,ANSWER_TYPE.NUMERIC,True,608,613,0.237305,False,,"In the above data, how many data points should be classified as label 'correct'? Give your final answer in the form 'Answer: number'.","In the above data, how many data points should be classified as label 'correct'?"
816080230,counting,65536,80004,deterministic_paraphrase,False,True,TASK_TYPE.NUMERIC_ONE_CLASS,TASK_TYPE.NUMERIC_ONE_CLASS,True,ANSWER_TYPE.NUMERIC,ANSWER_TYPE.NUMERIC,True,608,613,0.237305,False,,"In the above data, how many data points should be classified as label 'correct'? Give your final answer in the form 'Answer: number'.","Using only the records shown, what is the count of records have the label 'correct'?"
416040018,counting,65536,40018,original,True,True,TASK_TYPE.MOST_FREQ,TASK_TYPE.MOST_FREQ,True,ANSWER_TYPE.LABEL,ANSWER_TYPE.LABEL,True,false,False,1.0,True,,"In the above data, which of the labels is the most common? Give your final answer in the form 'Label: answer' where answer is one of the labels: True, False.","In the above data, which of the labels is the most common? Give your final answer in the form 'Label: answer' where answer is one of the labels: True, False."
416040018,counting,65536,40018,format_removed,False,True,TASK_TYPE.MOST_FREQ,TASK_TYPE.MOST_FREQ,True,ANSWER_TYPE.LABEL,ANSWER_TYPE.LABEL,True,false,False,1.0,True,,"In the above data, which of the labels is the most common? Give your final answer in the form 'Label: answer' where answer is one of the labels: True, False.","In the above data, which of the labels is the most common?"
416040018,counting,65536,40018,deterministic_paraphrase,False,True,TASK_TYPE.MOST_FREQ,TASK_TYPE.MOST_FREQ,True,ANSWER_TYPE.LABEL,ANSWER_TYPE.LABEL,True,false,False,1.0,True,,"In the above data, which of the labels is the most common? Give your final answer in the form 'Label: answer' where answer is one of the labels: True, False.","Using only the records shown, which label appears most frequently?"
416040047,counting,65536,40019,original,True,True,TASK_TYPE.NUMERIC_ONE_CLASS,TASK_TYPE.NUMERIC_ONE_CLASS,True,ANSWER_TYPE.NUMERIC,ANSWER_TYPE.NUMERIC,True,282,370,0.0,False,,"In the above data, how many data points should be classified as label 'True'? Give your final answer in the form 'Answer: number'.","In the above data, how many data points should be classified as label 'True'? Give your final answer in the form 'Answer: number'."
416040047,counting,65536,40019,format_removed,False,True,TASK_TYPE.NUMERIC_ONE_CLASS,TASK_TYPE.NUMERIC_ONE_CLASS,True,ANSWER_TYPE.NUMERIC,ANSWER_TYPE.NUMERIC,True,282,370,0.0,False,,"In the above data, how many data points should be classified as label 'True'? Give your final answer in the form 'Answer: number'.","In the above data, how many data points should be classified as label 'True'?"
416040047,counting,65536,40019,deterministic_paraphrase,False,True,TASK_TYPE.NUMERIC_ONE_CLASS,TASK_TYPE.NUMERIC_ONE_CLASS,True,ANSWER_TYPE.NUMERIC,ANSWER_TYPE.NUMERIC,True,282,370,0.0,False,,"In the above data, how many data points should be classified as label 'True'? Give your final answer in the form 'Answer: number'.","Using only the records shown, what is the count of records have the label 'True'?"
216020021,counting,65536,20018,original,True,True,TASK_TYPE.NUMERIC_ONE_CLASS,TASK_TYPE.NUMERIC_ONE_CLASS,True,ANSWER_TYPE.NUMERIC,ANSWER_TYPE.NUMERIC,True,59,59,1.0,True,,"In the above data, how many data points should be classified as label 'positive'? Give your final answer in the form 'Answer: number'.","In the above data, how many data points should be classified as label 'positive'? Give your final answer in the form 'Answer: number'."
216020021,counting,65536,20018,format_removed,False,True,TASK_TYPE.NUMERIC_ONE_CLASS,TASK_TYPE.NUMERIC_ONE_CLASS,True,ANSWER_TYPE.NUMERIC,ANSWER_TYPE.NUMERIC,True,59,59,1.0,True,,"In the above data, how many data points should be classified as label 'positive'? Give your final answer in the form 'Answer: number'.","In the above data, how many data points should be classified as label 'positive'?"
216020021,counting,65536,20018,deterministic_paraphrase,False,True,TASK_TYPE.NUMERIC_ONE_CLASS,TASK_TYPE.NUMERIC_ONE_CLASS,True,ANSWER_TYPE.NUMERIC,ANSWER_TYPE.NUMERIC,True,59,59,1.0,True,,"In the above data, how many data points should be classified as label 'positive'? Give your final answer in the form 'Answer: number'.","Using only the records shown, what is the count of records have the label 'positive'?"
716070045,counting,65536,70019,original,True,True,TASK_TYPE.RELATIVE_FREQ,TASK_TYPE.RELATIVE_FREQ,True,ANSWER_TYPE.COMPARISON,ANSWER_TYPE.COMPARISON,True,more common than,more common than,1.0,True,,"In the above data, is label 'contradiction' more common, less common, or the same frequency as label 'entailment'? Give your final answer in the form 'Answer: contradiction is [X] entailment', where [X] is 'more common than', 'less common than', or 'same frequency as'.","In the above data, is label 'contradiction' more common, less common, or the same frequency as label 'entailment'? Give your final answer in the form 'Answer: contradiction is [X] entailment', where [X] is 'more common than', 'less common than', or 'same frequency as'."
716070045,counting,65536,70019,format_removed,True,True,TASK_TYPE.RELATIVE_FREQ,TASK_TYPE.RELATIVE_FREQ,True,ANSWER_TYPE.COMPARISON,ANSWER_TYPE.COMPARISON,True,more common than,more common than,1.0,True,,"In the above data, is label 'contradiction' more common, less common, or the same frequency as label 'entailment'? Give your final answer in the form 'Answer: contradiction is [X] entailment', where [X] is 'more common than', 'less common than', or 'same frequency as'.","In the above data, is label 'contradiction' more common, less common, or the same frequency as label 'entailment'?"
716070045,counting,65536,70019,deterministic_paraphrase,False,True,TASK_TYPE.RELATIVE_FREQ,TASK_TYPE.RELATIVE_FREQ,True,ANSWER_TYPE.COMPARISON,ANSWER_TYPE.COMPARISON,True,more common than,more common than,1.0,True,,"In the above data, is label 'contradiction' more common, less common, or the same frequency as label 'entailment'? Give your final answer in the form 'Answer: contradiction is [X] entailment', where [X] is 'more common than', 'less common than', or 'same frequency as'.","Using only the records shown, compare how often the label 'contradiction' appears versus the label 'entailment'; is 'contradiction' higher, lower, or tied?"
516050018,counting,65536,50018,original,True,True,TASK_TYPE.MOST_FREQ,TASK_TYPE.MOST_FREQ,True,ANSWER_TYPE.LABEL,ANSWER_TYPE.LABEL,True,science & mathematics,Education & Reference,0.0,False,,"In the above data, which of the labels is the most common? Give your final answer in the form 'Label: answer' where answer is one of the labels: Family & Relationships, Business & Finance, Politics & Government, Computers & Internet, Health, Entertainment & Music, Education & Reference, Society & Culture, Sports, Science & Mathematics.","In the above data, which of the labels is the most common? Give your final answer in the form 'Label: answer' where answer is one of the labels: Family & Relationships, Business & Finance, Politics & Government, Computers & Internet, Health, Entertainment & Music, Education & Reference, Society & Culture, Sports, Science & Mathematics."
516050018,counting,65536,50018,format_removed,False,True,TASK_TYPE.MOST_FREQ,TASK_TYPE.MOST_FREQ,True,ANSWER_TYPE.LABEL,ANSWER_TYPE.LABEL,True,science & mathematics,Education & Reference,0.0,False,,"In the above data, which of the labels is the most common? Give your final answer in the form 'Label: answer' where answer is one of the labels: Family & Relationships, Business & Finance, Politics & Government, Computers & Internet, Health, Entertainment & Music, Education & Reference, Society & Culture, Sports, Science & Mathematics.","In the above data, which of the labels is the most common?"
516050018,counting,65536,50018,deterministic_paraphrase,False,True,TASK_TYPE.MOST_FREQ,TASK_TYPE.MOST_FREQ,True,ANSWER_TYPE.LABEL,ANSWER_TYPE.LABEL,True,science & mathematics,Education & Reference,0.0,False,,"In the above data, which of the labels is the most common? Give your final answer in the form 'Label: answer' where answer is one of the labels: Family & Relationships, Business & Finance, Politics & Government, Computers & Internet, Health, Entertainment & Music, Education & Reference, Society & Culture, Sports, Science & Mathematics.","Using only the records shown, which label appears most frequently?"
316030020,counting,65536,30018,original,True,True,TASK_TYPE.RELATIVE_FREQ,TASK_TYPE.RELATIVE_FREQ,True,ANSWER_TYPE.COMPARISON,ANSWER_TYPE.COMPARISON,True,less common than,less common than,1.0,True,,"In the above data, is label 'World' more common, less common, or the same frequency as label 'Sports'? Give your final answer in the form 'Answer: World is [X] Sports', where [X] is 'more common than', 'less common than', or 'same frequency as'.","In the above data, is label 'World' more common, less common, or the same frequency as label 'Sports'? Give your final answer in the form 'Answer: World is [X] Sports', where [X] is 'more common than', 'less common than', or 'same frequency as'."
316030020,counting,65536,30018,format_removed,True,True,TASK_TYPE.RELATIVE_FREQ,TASK_TYPE.RELATIVE_FREQ,True,ANSWER_TYPE.COMPARISON,ANSWER_TYPE.COMPARISON,True,less common than,less common than,1.0,True,,"In the above data, is label 'World' more common, less common, or the same frequency as label 'Sports'? Give your final answer in the form 'Answer: World is [X] Sports', where [X] is 'more common than', 'less common than', or 'same frequency as'.","In the above data, is label 'World' more common, less common, or the same frequency as label 'Sports'?"
316030020,counting,65536,30018,deterministic_paraphrase,False,True,TASK_TYPE.RELATIVE_FREQ,TASK_TYPE.RELATIVE_FREQ,True,ANSWER_TYPE.COMPARISON,ANSWER_TYPE.COMPARISON,True,less common than,less common than,1.0,True,,"In the above data, is label 'World' more common, less common, or the same frequency as label 'Sports'? Give your final answer in the form 'Answer: World is [X] Sports', where [X] is 'more common than', 'less common than', or 'same frequency as'.","Using only the records shown, compare how often the label 'World' appears versus the label 'Sports'; is 'World' higher, lower, or tied?"
317030031,counting,131072,30021,original,True,True,TASK_TYPE.NUMERIC_ONE_CLASS,TASK_TYPE.NUMERIC_ONE_CLASS,True,ANSWER_TYPE.NUMERIC,ANSWER_TYPE.NUMERIC,True,267,265,0.5625,False,,"In the above data, how many data points should be classified as label 'Sports'? Give your final answer in the form 'Answer: number'.","In the above data, how many data points should be classified as label 'Sports'? Give your final answer in the form 'Answer: number'."
317030031,counting,131072,30021,format_removed,False,True,TASK_TYPE.NUMERIC_ONE_CLASS,TASK_TYPE.NUMERIC_ONE_CLASS,True,ANSWER_TYPE.NUMERIC,ANSWER_TYPE.NUMERIC,True,267,265,0.5625,False,,"In the above data, how many data points should be classified as label 'Sports'? Give your final answer in the form 'Answer: number'.","In the above data, how many data points should be classified as label 'Sports'?"
317030031,counting,131072,30021,deterministic_paraphrase,False,True,TASK_TYPE.NUMERIC_ONE_CLASS,TASK_TYPE.NUMERIC_ONE_CLASS,True,ANSWER_TYPE.NUMERIC,ANSWER_TYPE.NUMERIC,True,267,265,0.5625,False,,"In the above data, how many data points should be classified as label 'Sports'? Give your final answer in the form 'Answer: number'.","Using only the records shown, what is the count of records have the label 'Sports'?"
417040023,counting,131072,40021,original,True,True,TASK_TYPE.NUMERIC_ONE_CLASS,TASK_TYPE.NUMERIC_ONE_CLASS,True,ANSWER_TYPE.NUMERIC,ANSWER_TYPE.NUMERIC,True,1788,1392,0.0,False,,"In the above data, how many data points should be classified as label 'False'? Give your final answer in the form 'Answer: number'.","In the above data, how many data points should be classified as label 'False'? Give your final answer in the form 'Answer: number'."
417040023,counting,131072,40021,format_removed,False,True,TASK_TYPE.NUMERIC_ONE_CLASS,TASK_TYPE.NUMERIC_ONE_CLASS,True,ANSWER_TYPE.NUMERIC,ANSWER_TYPE.NUMERIC,True,1788,1392,0.0,False,,"In the above data, how many data points should be classified as label 'False'? Give your final answer in the form 'Answer: number'.","In the above data, how many data points should be classified as label 'False'?"
417040023,counting,131072,40021,deterministic_paraphrase,False,True,TASK_TYPE.NUMERIC_ONE_CLASS,TASK_TYPE.NUMERIC_ONE_CLASS,True,ANSWER_TYPE.NUMERIC,ANSWER_TYPE.NUMERIC,True,1788,1392,0.0,False,,"In the above data, how many data points should be classified as label 'False'? Give your final answer in the form 'Answer: number'.","Using only the records shown, what is the count of records have the label 'False'?"
317030046,counting,131072,30022,original,True,True,TASK_TYPE.LEAST_FREQ,TASK_TYPE.LEAST_FREQ,True,ANSWER_TYPE.LABEL,ANSWER_TYPE.LABEL,True,sci/tech,World,0.0,False,,"In the above data, which of the labels is the least common? Give your final answer in the form 'Label: answer' where answer is one of the labels: Business, World, Sports, Sci/Tech.","In the above data, which of the labels is the least common? Give your final answer in the form 'Label: answer' where answer is one of the labels: Business, World, Sports, Sci/Tech."
317030046,counting,131072,30022,format_removed,False,True,TASK_TYPE.LEAST_FREQ,TASK_TYPE.LEAST_FREQ,True,ANSWER_TYPE.LABEL,ANSWER_TYPE.LABEL,True,sci/tech,World,0.0,False,,"In the above data, which of the labels is the least common? Give your final answer in the form 'Label: answer' where answer is one of the labels: Business, World, Sports, Sci/Tech.","In the above data, which of the labels is the least common?"
317030046,counting,131072,30022,deterministic_paraphrase,False,True,TASK_TYPE.LEAST_FREQ,TASK_TYPE.LEAST_FREQ,True,ANSWER_TYPE.LABEL,ANSWER_TYPE.LABEL,True,sci/tech,World,0.0,False,,"In the above data, which of the labels is the least common? Give your final answer in the form 'Label: answer' where answer is one of the labels: Business, World, Sports, Sci/Tech.","Using only the records shown, which label appears least frequently?"
517050049,counting,131072,50022,original,True,True,TASK_TYPE.RELATIVE_FREQ,TASK_TYPE.RELATIVE_FREQ,True,ANSWER_TYPE.COMPARISON,ANSWER_TYPE.COMPARISON,True,more common than,more common than,1.0,True,,"In the above data, is label 'Education & Reference' more common, less common, or the same frequency as label 'Health'? Give your final answer in the form 'Answer: Education & Reference is [X] Health', where [X] is 'more common than', 'less common than', or 'same frequency as'.","In the above data, is label 'Education & Reference' more common, less common, or the same frequency as label 'Health'? Give your final answer in the form 'Answer: Education & Reference is [X] Health', where [X] is 'more common than', 'less common than', or 'same frequency as'."
517050049,counting,131072,50022,format_removed,True,True,TASK_TYPE.RELATIVE_FREQ,TASK_TYPE.RELATIVE_FREQ,True,ANSWER_TYPE.COMPARISON,ANSWER_TYPE.COMPARISON,True,more common than,more common than,1.0,True,,"In the above data, is label 'Education & Reference' more common, less common, or the same frequency as label 'Health'? Give your final answer in the form 'Answer: Education & Reference is [X] Health', where [X] is 'more common than', 'less common than', or 'same frequency as'.","In the above data, is label 'Education & Reference' more common, less common, or the same frequency as label 'Health'?"
517050049,counting,131072,50022,deterministic_paraphrase,False,True,TASK_TYPE.RELATIVE_FREQ,TASK_TYPE.RELATIVE_FREQ,True,ANSWER_TYPE.COMPARISON,ANSWER_TYPE.COMPARISON,True,more common than,more common than,1.0,True,,"In the above data, is label 'Education & Reference' more common, less common, or the same frequency as label 'Health'? Give your final answer in the form 'Answer: Education & Reference is [X] Health', where [X] is 'more common than', 'less common than', or 'same frequency as'.","Using only the records shown, compare how often the label 'Education & Reference' appears versus the label 'Health'; is 'Education & Reference' higher, lower, or tied?"
917090048,counting,131072,90022,original,True,True,TASK_TYPE.RELATIVE_FREQ,TASK_TYPE.RELATIVE_FREQ,True,ANSWER_TYPE.COMPARISON,ANSWER_TYPE.COMPARISON,True,less common than,less common than,1.0,True,,"In the above data, is label 'positive' more common, less common, or the same frequency as label 'negative'? Give your final answer in the form 'Answer: positive is [X] negative', where [X] is 'more common than', 'less common than', or 'same frequency as'.","In the above data, is label 'positive' more common, less common, or the same frequency as label 'negative'? Give your final answer in the form 'Answer: positive is [X] negative', where [X] is 'more common than', 'less common than', or 'same frequency as'."
917090048,counting,131072,90022,format_removed,True,True,TASK_TYPE.RELATIVE_FREQ,TASK_TYPE.RELATIVE_FREQ,True,ANSWER_TYPE.COMPARISON,ANSWER_TYPE.COMPARISON,True,less common than,less common than,1.0,True,,"In the above data, is label 'positive' more common, less common, or the same frequency as label 'negative'? Give your final answer in the form 'Answer: positive is [X] negative', where [X] is 'more common than', 'less common than', or 'same frequency as'.","In the above data, is label 'positive' more common, less common, or the same frequency as label 'negative'?"
917090048,counting,131072,90022,deterministic_paraphrase,False,True,TASK_TYPE.RELATIVE_FREQ,TASK_TYPE.RELATIVE_FREQ,True,ANSWER_TYPE.COMPARISON,ANSWER_TYPE.COMPARISON,True,less common than,less common than,1.0,True,,"In the above data, is label 'positive' more common, less common, or the same frequency as label 'negative'? Give your final answer in the form 'Answer: positive is [X] negative', where [X] is 'more common than', 'less common than', or 'same frequency as'.","Using only the records shown, compare how often the label 'positive' appears versus the label 'negative'; is 'positive' higher, lower, or tied?"
817080211,counting,131072,80008,original,True,True,TASK_TYPE.NUMERIC_ONE_CLASS,TASK_TYPE.NUMERIC_ONE_CLASS,True,ANSWER_TYPE.NUMERIC,ANSWER_TYPE.NUMERIC,True,965,944,0.002378,False,,"In the above data, how many data points should be classified as label 'correct'? Give your final answer in the form 'Answer: number'.","In the above data, how many data points should be classified as label 'correct'? Give your final answer in the form 'Answer: number'."
817080211,counting,131072,80008,format_removed,False,True,TASK_TYPE.NUMERIC_ONE_CLASS,TASK_TYPE.NUMERIC_ONE_CLASS,True,ANSWER_TYPE.NUMERIC,ANSWER_TYPE.NUMERIC,True,965,944,0.002378,False,,"In the above data, how many data points should be classified as label 'correct'? Give your final answer in the form 'Answer: number'.","In the above data, how many data points should be classified as label 'correct'?"
817080211,counting,131072,80008,deterministic_paraphrase,False,True,TASK_TYPE.NUMERIC_ONE_CLASS,TASK_TYPE.NUMERIC_ONE_CLASS,True,ANSWER_TYPE.NUMERIC,ANSWER_TYPE.NUMERIC,True,965,944,0.002378,False,,"In the above data, how many data points should be classified as label 'correct'? Give your final answer in the form 'Answer: number'.","Using only the records shown, what is the count of records have the label 'correct'?"
217020048,counting,131072,20022,original,True,True,TASK_TYPE.RELATIVE_FREQ,TASK_TYPE.RELATIVE_FREQ,True,ANSWER_TYPE.COMPARISON,ANSWER_TYPE.COMPARISON,True,more common than,more common than,1.0,True,,"In the above data, is label 'positive' more common, less common, or the same frequency as label 'negative'? Give your final answer in the form 'Answer: positive is [X] negative', where [X] is 'more common than', 'less common than', or 'same frequency as'.","In the above data, is label 'positive' more common, less common, or the same frequency as label 'negative'? Give your final answer in the form 'Answer: positive is [X] negative', where [X] is 'more common than', 'less common than', or 'same frequency as'."
217020048,counting,131072,20022,format_removed,True,True,TASK_TYPE.RELATIVE_FREQ,TASK_TYPE.RELATIVE_FREQ,True,ANSWER_TYPE.COMPARISON,ANSWER_TYPE.COMPARISON,True,more common than,more common than,1.0,True,,"In the above data, is label 'positive' more common, less common, or the same frequency as label 'negative'? Give your final answer in the form 'Answer: positive is [X] negative', where [X] is 'more common than', 'less common than', or 'same frequency as'.","In the above data, is label 'positive' more common, less common, or the same frequency as label 'negative'?"
217020048,counting,131072,20022,deterministic_paraphrase,False,True,TASK_TYPE.RELATIVE_FREQ,TASK_TYPE.RELATIVE_FREQ,True,ANSWER_TYPE.COMPARISON,ANSWER_TYPE.COMPARISON,True,more common than,more common than,1.0,True,,"In the above data, is label 'positive' more common, less common, or the same frequency as label 'negative'? Give your final answer in the form 'Answer: positive is [X] negative', where [X] is 'more common than', 'less common than', or 'same frequency as'.","Using only the records shown, compare how often the label 'positive' appears versus the label 'negative'; is 'positive' higher, lower, or tied?"
617060046,counting,131072,60022,original,True,True,TASK_TYPE.LEAST_FREQ,TASK_TYPE.LEAST_FREQ,True,ANSWER_TYPE.LABEL,ANSWER_TYPE.LABEL,True,informal,formal,0.0,False,,"In the above data, which of the labels is the least common? Give your final answer in the form 'Label: answer' where answer is one of the labels: informal, formal.","In the above data, which of the labels is the least common? Give your final answer in the form 'Label: answer' where answer is one of the labels: informal, formal."
617060046,counting,131072,60022,format_removed,False,True,TASK_TYPE.LEAST_FREQ,TASK_TYPE.LEAST_FREQ,True,ANSWER_TYPE.LABEL,ANSWER_TYPE.LABEL,True,informal,formal,0.0,False,,"In the above data, which of the labels is the least common? Give your final answer in the form 'Label: answer' where answer is one of the labels: informal, formal.","In the above data, which of the labels is the least common?"
617060046,counting,131072,60022,deterministic_paraphrase,False,True,TASK_TYPE.LEAST_FREQ,TASK_TYPE.LEAST_FREQ,True,ANSWER_TYPE.LABEL,ANSWER_TYPE.LABEL,True,informal,formal,0.0,False,,"In the above data, which of the labels is the least common? Give your final answer in the form 'Label: answer' where answer is one of the labels: informal, formal.","Using only the records shown, which label appears least frequently?"
313030058,timeline,8192,30010,original,True,True,TASK_TYPE.MOST_FREQ,TASK_TYPE.MOST_FREQ,True,ANSWER_TYPE.DATE,ANSWER_TYPE.DATE,True,"Mar 27, 2022",2022-03-27 00:00:00,1.0,True,,"In the above data, which date is represented most often? Give your final answer in the form 'Date: [X]', where [X] is the date in the format MM/DD/YYYY.","In the above data, which date is represented most often? Give your final answer in the form 'Date: [X]', where [X] is the date in the format MM/DD/YYYY."
313030058,timeline,8192,30010,format_removed,False,True,TASK_TYPE.MOST_FREQ,TASK_TYPE.MOST_FREQ,True,ANSWER_TYPE.DATE,ANSWER_TYPE.DATE,True,"Mar 27, 2022",2022-03-27 00:00:00,1.0,True,,"In the above data, which date is represented most often? Give your final answer in the form 'Date: [X]', where [X] is the date in the format MM/DD/YYYY.","In the above data, which date is represented most often?"
313030058,timeline,8192,30010,deterministic_paraphrase,False,True,TASK_TYPE.MOST_FREQ,TASK_TYPE.MOST_FREQ,True,ANSWER_TYPE.DATE,ANSWER_TYPE.DATE,True,"Mar 27, 2022",2022-03-27 00:00:00,1.0,True,,"In the above data, which date is represented most often? Give your final answer in the form 'Date: [X]', where [X] is the date in the format MM/DD/YYYY.","Using only the records shown, which date occurs most frequently?"
713070056,timeline,8192,70010,original,True,True,TASK_TYPE.LEAST_FREQ,TASK_TYPE.LEAST_FREQ,True,ANSWER_TYPE.LABEL,ANSWER_TYPE.LABEL,True,entailment,neutral,0.0,False,,"For the following question, only consider the subset of instances that occur in November of any year. Among instances occuring in November, which of the labels is the least common? Give your final answer in the form 'Label: answer' where answer is one of the labels: contradiction, entailment, neutral.","For the following question, only consider the subset of instances that occur in November of any year. Among instances occuring in November, which of the labels is the least common? Give your final answer in the form 'Label: answer' where answer is one of the labels: contradiction, entailment, neutral."
713070056,timeline,8192,70010,format_removed,False,True,TASK_TYPE.LEAST_FREQ,TASK_TYPE.LEAST_FREQ,True,ANSWER_TYPE.LABEL,ANSWER_TYPE.LABEL,True,entailment,neutral,0.0,False,,"For the following question, only consider the subset of instances that occur in November of any year. Among instances occuring in November, which of the labels is the least common? Give your final answer in the form 'Label: answer' where answer is one of the labels: contradiction, entailment, neutral.","For the following question, only consider the subset of instances that occur in November of any year. Among instances occuring in November, which of the labels is the least common?"
713070056,timeline,8192,70010,deterministic_paraphrase,False,True,TASK_TYPE.LEAST_FREQ,TASK_TYPE.LEAST_FREQ,True,ANSWER_TYPE.LABEL,ANSWER_TYPE.LABEL,True,entailment,neutral,0.0,False,,"For the following question, only consider the subset of instances that occur in November of any year. Among instances occuring in November, which of the labels is the least common? Give your final answer in the form 'Label: answer' where answer is one of the labels: contradiction, entailment, neutral.","Among records that occur in November of any year, which label appears least frequently?"
213020050,timeline,8192,20010,original,True,True,TASK_TYPE.MOST_FREQ,TASK_TYPE.MOST_FREQ,True,ANSWER_TYPE.LABEL,ANSWER_TYPE.LABEL,True,negative,negative,1.0,True,,"For the following question, only consider the subset of instances that occur in May of any year. Among instances occuring in May, which of the labels is the most common? Give your final answer in the form 'Label: answer' where answer is one of the labels: negative.","For the following question, only consider the subset of instances that occur in May of any year. Among instances occuring in May, which of the labels is the most common? Give your final answer in the form 'Label: answer' where answer is one of the labels: negative."
213020050,timeline,8192,20010,format_removed,False,True,TASK_TYPE.MOST_FREQ,TASK_TYPE.MOST_FREQ,True,ANSWER_TYPE.LABEL,ANSWER_TYPE.LABEL,True,negative,negative,1.0,True,,"For the following question, only consider the subset of instances that occur in May of any year. Among instances occuring in May, which of the labels is the most common? Give your final answer in the form 'Label: answer' where answer is one of the labels: negative.","For the following question, only consider the subset of instances that occur in May of any year. Among instances occuring in May, which of the labels is the most common?"
213020050,timeline,8192,20010,deterministic_paraphrase,False,True,TASK_TYPE.MOST_FREQ,TASK_TYPE.MOST_FREQ,True,ANSWER_TYPE.LABEL,ANSWER_TYPE.LABEL,True,negative,negative,1.0,True,,"For the following question, only consider the subset of instances that occur in May of any year. Among instances occuring in May, which of the labels is the most common? Give your final answer in the form 'Label: answer' where answer is one of the labels: negative.","Among records that occur in May of any year, which label appears most frequently?"
813080029,timeline,8192,80009,original,True,True,TASK_TYPE.NUMERIC_ONE_CLASS,TASK_TYPE.NUMERIC_ONE_CLASS,True,ANSWER_TYPE.NUMERIC,ANSWER_TYPE.NUMERIC,True,10,11,0.75,False,,"For the following question, only consider the subset of instances that occur in April of any year. Among instances occuring in April, how many data points should be classified as label 'incorrect'? Give your final answer in the form 'Answer: number'.","For the following question, only consider the subset of instances that occur in April of any year. Among instances occuring in April, how many data points should be classified as label 'incorrect'? Give your final answer in the form 'Answer: number'."
813080029,timeline,8192,80009,format_removed,False,True,TASK_TYPE.NUMERIC_ONE_CLASS,TASK_TYPE.NUMERIC_ONE_CLASS,True,ANSWER_TYPE.NUMERIC,ANSWER_TYPE.NUMERIC,True,10,11,0.75,False,,"For the following question, only consider the subset of instances that occur in April of any year. Among instances occuring in April, how many data points should be classified as label 'incorrect'? Give your final answer in the form 'Answer: number'.","For the following question, only consider the subset of instances that occur in April of any year. Among instances occuring in April, how many data points should be classified as label 'incorrect'?"
813080029,timeline,8192,80009,deterministic_paraphrase,False,True,TASK_TYPE.NUMERIC_ONE_CLASS,TASK_TYPE.NUMERIC_ONE_CLASS,True,ANSWER_TYPE.NUMERIC,ANSWER_TYPE.NUMERIC,True,10,11,0.75,False,,"For the following question, only consider the subset of instances that occur in April of any year. Among instances occuring in April, how many data points should be classified as label 'incorrect'? Give your final answer in the form 'Answer: number'.","Among records that occur in April of any year, what is the count of records have the label 'incorrect'?"
713070028,timeline,8192,70009,original,True,True,TASK_TYPE.RELATIVE_FREQ,TASK_TYPE.RELATIVE_FREQ,True,ANSWER_TYPE.COMPARISON,ANSWER_TYPE.COMPARISON,True,less common,less common,1.0,True,,"In the above data, was label 'entailment' more common, less common, or the same frequency before 2024-05-13, as compared to after 2024-05-13? Give your final answer in the form 'Answer: entailment is [X] before 2024-05-13', where [X] is 'more common', 'less common', or 'the same frequency'.","In the above data, was label 'entailment' more common, less common, or the same frequency before 2024-05-13, as compared to after 2024-05-13? Give your final answer in the form 'Answer: entailment is [X] before 2024-05-13', where [X] is 'more common', 'less common', or 'the same frequency'."
713070028,timeline,8192,70009,format_removed,True,True,TASK_TYPE.RELATIVE_FREQ,TASK_TYPE.RELATIVE_FREQ,True,ANSWER_TYPE.COMPARISON,ANSWER_TYPE.COMPARISON,True,less common,less common,1.0,True,,"In the above data, was label 'entailment' more common, less common, or the same frequency before 2024-05-13, as compared to after 2024-05-13? Give your final answer in the form 'Answer: entailment is [X] before 2024-05-13', where [X] is 'more common', 'less common', or 'the same frequency'.","In the above data, was label 'entailment' more common, less common, or the same frequency before 2024-05-13, as compared to after 2024-05-13?"
713070028,timeline,8192,70009,deterministic_paraphrase,False,True,TASK_TYPE.RELATIVE_FREQ,TASK_TYPE.RELATIVE_FREQ,True,ANSWER_TYPE.COMPARISON,ANSWER_TYPE.COMPARISON,True,less common,less common,1.0,True,,"In the above data, was label 'entailment' more common, less common, or the same frequency before 2024-05-13, as compared to after 2024-05-13? Give your final answer in the form 'Answer: entailment is [X] before 2024-05-13', where [X] is 'more common', 'less common', or 'the same frequency'.","Using only the records shown, for the label 'entailment', compare before 2024-05-13 with after 2024-05-13; is before higher, lower, or tied?"
213020030,timeline,8192,20009,original,True,True,TASK_TYPE.RELATIVE_FREQ,TASK_TYPE.RELATIVE_FREQ,True,ANSWER_TYPE.COMPARISON,ANSWER_TYPE.COMPARISON,True,more common than,more common than,1.0,True,,"For the following question, only consider the subset of instances that occur between Nov 17, 2023 and Mar 08, 2025, inclusive. Among instances occuring in this date range, is label 'negative' more common, less common, or the same frequency as label 'positive'? Give your final answer in the form 'Answer: negative is [X] positive', where [X] is 'more common than', 'less common than', or 'same frequency as'.","For the following question, only consider the subset of instances that occur between Nov 17, 2023 and Mar 08, 2025, inclusive. Among instances occuring in this date range, is label 'negative' more common, less common, or the same frequency as label 'positive'? Give your final answer in the form 'Answer: negative is [X] positive', where [X] is 'more common than', 'less common than', or 'same frequency as'."
213020030,timeline,8192,20009,format_removed,True,True,TASK_TYPE.RELATIVE_FREQ,TASK_TYPE.RELATIVE_FREQ,True,ANSWER_TYPE.COMPARISON,ANSWER_TYPE.COMPARISON,True,more common than,more common than,1.0,True,,"For the following question, only consider the subset of instances that occur between Nov 17, 2023 and Mar 08, 2025, inclusive. Among instances occuring in this date range, is label 'negative' more common, less common, or the same frequency as label 'positive'? Give your final answer in the form 'Answer: negative is [X] positive', where [X] is 'more common than', 'less common than', or 'same frequency as'.","For the following question, only consider the subset of instances that occur between Nov 17, 2023 and Mar 08, 2025, inclusive. Among instances occuring in this date range, is label 'negative' more common, less common, or the same frequency as label 'positive'?"
213020030,timeline,8192,20009,deterministic_paraphrase,False,True,TASK_TYPE.RELATIVE_FREQ,TASK_TYPE.RELATIVE_FREQ,True,ANSWER_TYPE.COMPARISON,ANSWER_TYPE.COMPARISON,True,more common than,more common than,1.0,True,,"For the following question, only consider the subset of instances that occur between Nov 17, 2023 and Mar 08, 2025, inclusive. Among instances occuring in this date range, is label 'negative' more common, less common, or the same frequency as label 'positive'? Give your final answer in the form 'Answer: negative is [X] positive', where [X] is 'more common than', 'less common than', or 'same frequency as'.","For the following question, only consider the subset of instances that occur between Nov 17, 2023 and Mar 08, 2025, inclusive. Among instances occuring in this date range, compare how often the label 'negative' appears versus the label 'positive'; is 'negative' higher, lower, or tied?"
913090022,timeline,8192,90009,original,True,True,TASK_TYPE.REPRESENTED_N_TIMES,TASK_TYPE.REPRESENTED_N_TIMES,True,ANSWER_TYPE.NUMERIC,ANSWER_TYPE.NUMERIC,True,10,10,1.0,True,,"In the above data, how many dates are represented exactly 2 times? Give your final answer in the form 'Answer: [X]', where [X] is the number of dates represented exactly 2 times.","In the above data, how many dates are represented exactly 2 times? Give your final answer in the form 'Answer: [X]', where [X] is the number of dates represented exactly 2 times."
913090022,timeline,8192,90009,format_removed,True,True,TASK_TYPE.REPRESENTED_N_TIMES,TASK_TYPE.REPRESENTED_N_TIMES,True,ANSWER_TYPE.NUMERIC,ANSWER_TYPE.NUMERIC,True,10,10,1.0,True,,"In the above data, how many dates are represented exactly 2 times? Give your final answer in the form 'Answer: [X]', where [X] is the number of dates represented exactly 2 times.","In the above data, how many dates are represented exactly 2 times?"
913090022,timeline,8192,90009,deterministic_paraphrase,False,True,TASK_TYPE.REPRESENTED_N_TIMES,TASK_TYPE.REPRESENTED_N_TIMES,True,ANSWER_TYPE.NUMERIC,ANSWER_TYPE.NUMERIC,True,10,10,1.0,True,,"In the above data, how many dates are represented exactly 2 times? Give your final answer in the form 'Answer: [X]', where [X] is the number of dates represented exactly 2 times.","Using only the records shown, count dates that occur exactly 2 times?"
313030031,timeline,8192,30009,original,True,True,TASK_TYPE.MOST_FREQ,TASK_TYPE.MOST_FREQ,True,ANSWER_TYPE.DATE,ANSWER_TYPE.DATE,True,"Feb 06, 2023",2023-02-06 00:00:00,1.0,True,,"In the above data, which date is represented most often? Give your final answer in the form 'Date: [X]', where [X] is the date in the format MM/DD/YYYY.","In the above data, which date is represented most often? Give your final answer in the form 'Date: [X]', where [X] is the date in the format MM/DD/YYYY."
313030031,timeline,8192,30009,format_removed,False,True,TASK_TYPE.MOST_FREQ,TASK_TYPE.MOST_FREQ,True,ANSWER_TYPE.DATE,ANSWER_TYPE.DATE,True,"Feb 06, 2023",2023-02-06 00:00:00,1.0,True,,"In the above data, which date is represented most often? Give your final answer in the form 'Date: [X]', where [X] is the date in the format MM/DD/YYYY.","In the above data, which date is represented most often?"
313030031,timeline,8192,30009,deterministic_paraphrase,False,True,TASK_TYPE.MOST_FREQ,TASK_TYPE.MOST_FREQ,True,ANSWER_TYPE.DATE,ANSWER_TYPE.DATE,True,"Feb 06, 2023",2023-02-06 00:00:00,1.0,True,,"In the above data, which date is represented most often? Give your final answer in the form 'Date: [X]', where [X] is the date in the format MM/DD/YYYY.","Using only the records shown, which date occurs most frequently?"
914090025,timeline,16384,90012,original,True,True,TASK_TYPE.MOST_FREQ,TASK_TYPE.MOST_FREQ,True,ANSWER_TYPE.DATE,ANSWER_TYPE.DATE,True,"Jan 29, 2024",2024-01-29 00:00:00,1.0,True,,"In the above data, which date is represented most often? Give your final answer in the form 'Date: [X]', where [X] is the date in the format MM/DD/YYYY.","In the above data, which date is represented most often? Give your final answer in the form 'Date: [X]', where [X] is the date in the format MM/DD/YYYY."
914090025,timeline,16384,90012,format_removed,False,True,TASK_TYPE.MOST_FREQ,TASK_TYPE.MOST_FREQ,True,ANSWER_TYPE.DATE,ANSWER_TYPE.DATE,True,"Jan 29, 2024",2024-01-29 00:00:00,1.0,True,,"In the above data, which date is represented most often? Give your final answer in the form 'Date: [X]', where [X] is the date in the format MM/DD/YYYY.","In the above data, which date is represented most often?"
914090025,timeline,16384,90012,deterministic_paraphrase,False,True,TASK_TYPE.MOST_FREQ,TASK_TYPE.MOST_FREQ,True,ANSWER_TYPE.DATE,ANSWER_TYPE.DATE,True,"Jan 29, 2024",2024-01-29 00:00:00,1.0,True,,"In the above data, which date is represented most often? Give your final answer in the form 'Date: [X]', where [X] is the date in the format MM/DD/YYYY.","Using only the records shown, which date occurs most frequently?"
314030036,timeline,16384,30012,original,True,True,TASK_TYPE.MOST_FREQ,TASK_TYPE.MOST_FREQ,True,ANSWER_TYPE.DATE,ANSWER_TYPE.DATE,True,"May 04, 2024",2024-05-04 00:00:00,1.0,True,,"In the above data, which date is represented most often? Give your final answer in the form 'Date: [X]', where [X] is the date in the format MM/DD/YYYY.","In the above data, which date is represented most often? Give your final answer in the form 'Date: [X]', where [X] is the date in the format MM/DD/YYYY."
314030036,timeline,16384,30012,format_removed,False,True,TASK_TYPE.MOST_FREQ,TASK_TYPE.MOST_FREQ,True,ANSWER_TYPE.DATE,ANSWER_TYPE.DATE,True,"May 04, 2024",2024-05-04 00:00:00,1.0,True,,"In the above data, which date is represented most often? Give your final answer in the form 'Date: [X]', where [X] is the date in the format MM/DD/YYYY.","In the above data, which date is represented most often?"
314030036,timeline,16384,30012,deterministic_paraphrase,False,True,TASK_TYPE.MOST_FREQ,TASK_TYPE.MOST_FREQ,True,ANSWER_TYPE.DATE,ANSWER_TYPE.DATE,True,"May 04, 2024",2024-05-04 00:00:00,1.0,True,,"In the above data, which date is represented most often? Give your final answer in the form 'Date: [X]', where [X] is the date in the format MM/DD/YYYY.","Using only the records shown, which date occurs most frequently?"
214020031,timeline,16384,20012,original,True,True,TASK_TYPE.LEAST_FREQ,TASK_TYPE.LEAST_FREQ,True,ANSWER_TYPE.LABEL,ANSWER_TYPE.LABEL,True,positive,positive,1.0,True,,"For the following question, only consider the subset of instances that occur in March of any year. Among instances occuring in March, which of the labels is the least common? Give your final answer in the form 'Label: answer' where answer is one of the labels: positive, negative.","For the following question, only consider the subset of instances that occur in March of any year. Among instances occuring in March, which of the labels is the least common? Give your final answer in the form 'Label: answer' where answer is one of the labels: positive, negative."
214020031,timeline,16384,20012,format_removed,False,True,TASK_TYPE.LEAST_FREQ,TASK_TYPE.LEAST_FREQ,True,ANSWER_TYPE.LABEL,ANSWER_TYPE.LABEL,True,positive,positive,1.0,True,,"For the following question, only consider the subset of instances that occur in March of any year. Among instances occuring in March, which of the labels is the least common? Give your final answer in the form 'Label: answer' where answer is one of the labels: positive, negative.","For the following question, only consider the subset of instances that occur in March of any year. Among instances occuring in March, which of the labels is the least common?"
214020031,timeline,16384,20012,deterministic_paraphrase,False,True,TASK_TYPE.LEAST_FREQ,TASK_TYPE.LEAST_FREQ,True,ANSWER_TYPE.LABEL,ANSWER_TYPE.LABEL,True,positive,positive,1.0,True,,"For the following question, only consider the subset of instances that occur in March of any year. Among instances occuring in March, which of the labels is the least common? Give your final answer in the form 'Label: answer' where answer is one of the labels: positive, negative.","Among records that occur in March of any year, which label appears least frequently?"
414040023,timeline,16384,40012,original,True,True,TASK_TYPE.RELATIVE_FREQ,TASK_TYPE.RELATIVE_FREQ,True,ANSWER_TYPE.COMPARISON,ANSWER_TYPE.COMPARISON,True,less common,less common,1.0,True,,"In the above data, was label 'True' more common, less common, or the same frequency before 2024-06-18, as compared to after 2024-06-18? Give your final answer in the form 'Answer: True is [X] before 2024-06-18', where [X] is 'more common', 'less common', or 'the same frequency'.","In the above data, was label 'True' more common, less common, or the same frequency before 2024-06-18, as compared to after 2024-06-18? Give your final answer in the form 'Answer: True is [X] before 2024-06-18', where [X] is 'more common', 'less common', or 'the same frequency'."
414040023,timeline,16384,40012,format_removed,True,True,TASK_TYPE.RELATIVE_FREQ,TASK_TYPE.RELATIVE_FREQ,True,ANSWER_TYPE.COMPARISON,ANSWER_TYPE.COMPARISON,True,less common,less common,1.0,True,,"In the above data, was label 'True' more common, less common, or the same frequency before 2024-06-18, as compared to after 2024-06-18? Give your final answer in the form 'Answer: True is [X] before 2024-06-18', where [X] is 'more common', 'less common', or 'the same frequency'.","In the above data, was label 'True' more common, less common, or the same frequency before 2024-06-18, as compared to after 2024-06-18?"
414040023,timeline,16384,40012,deterministic_paraphrase,False,True,TASK_TYPE.RELATIVE_FREQ,TASK_TYPE.RELATIVE_FREQ,True,ANSWER_TYPE.COMPARISON,ANSWER_TYPE.COMPARISON,True,less common,less common,1.0,True,,"In the above data, was label 'True' more common, less common, or the same frequency before 2024-06-18, as compared to after 2024-06-18? Give your final answer in the form 'Answer: True is [X] before 2024-06-18', where [X] is 'more common', 'less common', or 'the same frequency'.","Using only the records shown, for the label 'True', compare before 2024-06-18 with after 2024-06-18; is before higher, lower, or tied?"
714070061,timeline,16384,70013,original,True,True,TASK_TYPE.RELATIVE_FREQ,TASK_TYPE.RELATIVE_FREQ,True,ANSWER_TYPE.COMPARISON,ANSWER_TYPE.COMPARISON,True,less common than,more common than,0.0,False,,"For the following question, only consider the subset of instances that occur in January of any year. Among instances occuring in January, is label 'neutral' more common, less common, or the same frequency as label 'contradiction'? Give your final answer in the form 'Answer: neutral is [X] contradiction', where [X] is 'more common than', 'less common than', or 'same frequency as'.","For the following question, only consider the subset of instances that occur in January of any year. Among instances occuring in January, is label 'neutral' more common, less common, or the same frequency as label 'contradiction'? Give your final answer in the form 'Answer: neutral is [X] contradiction', where [X] is 'more common than', 'less common than', or 'same frequency as'."
714070061,timeline,16384,70013,format_removed,True,True,TASK_TYPE.RELATIVE_FREQ,TASK_TYPE.RELATIVE_FREQ,True,ANSWER_TYPE.COMPARISON,ANSWER_TYPE.COMPARISON,True,less common than,more common than,0.0,False,,"For the following question, only consider the subset of instances that occur in January of any year. Among instances occuring in January, is label 'neutral' more common, less common, or the same frequency as label 'contradiction'? Give your final answer in the form 'Answer: neutral is [X] contradiction', where [X] is 'more common than', 'less common than', or 'same frequency as'.","For the following question, only consider the subset of instances that occur in January of any year. Among instances occuring in January, is label 'neutral' more common, less common, or the same frequency as label 'contradiction'?"
714070061,timeline,16384,70013,deterministic_paraphrase,False,True,TASK_TYPE.RELATIVE_FREQ,TASK_TYPE.RELATIVE_FREQ,True,ANSWER_TYPE.COMPARISON,ANSWER_TYPE.COMPARISON,True,less common than,more common than,0.0,False,,"For the following question, only consider the subset of instances that occur in January of any year. Among instances occuring in January, is label 'neutral' more common, less common, or the same frequency as label 'contradiction'? Give your final answer in the form 'Answer: neutral is [X] contradiction', where [X] is 'more common than', 'less common than', or 'same frequency as'.","Among records that occur in January of any year, compare how often the label 'neutral' appears versus the label 'contradiction'; is 'neutral' higher, lower, or tied?"
614060059,timeline,16384,60013,original,True,True,TASK_TYPE.MOST_FREQ,TASK_TYPE.MOST_FREQ,True,ANSWER_TYPE.LABEL,ANSWER_TYPE.LABEL,True,informal,informal,1.0,True,,"For the following question, only consider the subset of instances that occur between Mar 20, 2023 and Jan 18, 2024, inclusive. Among instances occuring in this date range, which of the labels is the most common? Give your final answer in the form 'Label: answer' where answer is one of the labels: informal, formal.","For the following question, only consider the subset of instances that occur between Mar 20, 2023 and Jan 18, 2024, inclusive. Among instances occuring in this date range, which of the labels is the most common? Give your final answer in the form 'Label: answer' where answer is one of the labels: informal, formal."
614060059,timeline,16384,60013,format_removed,False,True,TASK_TYPE.MOST_FREQ,TASK_TYPE.MOST_FREQ,True,ANSWER_TYPE.LABEL,ANSWER_TYPE.LABEL,True,informal,informal,1.0,True,,"For the following question, only consider the subset of instances that occur between Mar 20, 2023 and Jan 18, 2024, inclusive. Among instances occuring in this date range, which of the labels is the most common? Give your final answer in the form 'Label: answer' where answer is one of the labels: informal, formal.","For the following question, only consider the subset of instances that occur between Mar 20, 2023 and Jan 18, 2024, inclusive. Among instances occuring in this date range, which of the labels is the most common?"
614060059,timeline,16384,60013,deterministic_paraphrase,False,True,TASK_TYPE.MOST_FREQ,TASK_TYPE.MOST_FREQ,True,ANSWER_TYPE.LABEL,ANSWER_TYPE.LABEL,True,informal,informal,1.0,True,,"For the following question, only consider the subset of instances that occur between Mar 20, 2023 and Jan 18, 2024, inclusive. Among instances occuring in this date range, which of the labels is the most common? Give your final answer in the form 'Label: answer' where answer is one of the labels: informal, formal.","For the following question, only consider the subset of instances that occur between Mar 20, 2023 and Jan 18, 2024, inclusive. Among instances occuring in this date range, which label appears most frequently?"
914090061,timeline,16384,90013,original,True,True,TASK_TYPE.NUMERIC_ONE_CLASS,TASK_TYPE.NUMERIC_ONE_CLASS,True,ANSWER_TYPE.NUMERIC,ANSWER_TYPE.NUMERIC,True,28,28,1.0,True,,"For the following question, only consider the subset of instances that occur between Jul 19, 2022 and Jan 31, 2023, inclusive. Among instances occuring in this date range, how many data points should be classified as label 'negative'? Give your final answer in the form 'Answer: number'.","For the following question, only consider the subset of instances that occur between Jul 19, 2022 and Jan 31, 2023, inclusive. Among instances occuring in this date range, how many data points should be classified as label 'negative'? Give your final answer in the form 'Answer: number'."
914090061,timeline,16384,90013,format_removed,False,True,TASK_TYPE.NUMERIC_ONE_CLASS,TASK_TYPE.NUMERIC_ONE_CLASS,True,ANSWER_TYPE.NUMERIC,ANSWER_TYPE.NUMERIC,True,28,28,1.0,True,,"For the following question, only consider the subset of instances that occur between Jul 19, 2022 and Jan 31, 2023, inclusive. Among instances occuring in this date range, how many data points should be classified as label 'negative'? Give your final answer in the form 'Answer: number'.","For the following question, only consider the subset of instances that occur between Jul 19, 2022 and Jan 31, 2023, inclusive. Among instances occuring in this date range, how many data points should be classified as label 'negative'?"
914090061,timeline,16384,90013,deterministic_paraphrase,False,True,TASK_TYPE.NUMERIC_ONE_CLASS,TASK_TYPE.NUMERIC_ONE_CLASS,True,ANSWER_TYPE.NUMERIC,ANSWER_TYPE.NUMERIC,True,28,28,1.0,True,,"For the following question, only consider the subset of instances that occur between Jul 19, 2022 and Jan 31, 2023, inclusive. Among instances occuring in this date range, how many data points should be classified as label 'negative'? Give your final answer in the form 'Answer: number'.","For the following question, only consider the subset of instances that occur between Jul 19, 2022 and Jan 31, 2023, inclusive. Among instances occuring in this date range, what is the count of records have the label 'negative'?"
214020052,timeline,16384,20013,original,True,True,TASK_TYPE.RELATIVE_FREQ,TASK_TYPE.RELATIVE_FREQ,True,ANSWER_TYPE.COMPARISON,ANSWER_TYPE.COMPARISON,True,more common,more common,1.0,True,,"In the above data, was label 'negative' more common, less common, or the same frequency before 2024-03-29, as compared to after 2024-03-29? Give your final answer in the form 'Answer: negative is [X] before 2024-03-29', where [X] is 'more common', 'less common', or 'the same frequency'.","In the above data, was label 'negative' more common, less common, or the same frequency before 2024-03-29, as compared to after 2024-03-29? Give your final answer in the form 'Answer: negative is [X] before 2024-03-29', where [X] is 'more common', 'less common', or 'the same frequency'."
214020052,timeline,16384,20013,format_removed,True,True,TASK_TYPE.RELATIVE_FREQ,TASK_TYPE.RELATIVE_FREQ,True,ANSWER_TYPE.COMPARISON,ANSWER_TYPE.COMPARISON,True,more common,more common,1.0,True,,"In the above data, was label 'negative' more common, less common, or the same frequency before 2024-03-29, as compared to after 2024-03-29? Give your final answer in the form 'Answer: negative is [X] before 2024-03-29', where [X] is 'more common', 'less common', or 'the same frequency'.","In the above data, was label 'negative' more common, less common, or the same frequency before 2024-03-29, as compared to after 2024-03-29?"
214020052,timeline,16384,20013,deterministic_paraphrase,False,True,TASK_TYPE.RELATIVE_FREQ,TASK_TYPE.RELATIVE_FREQ,True,ANSWER_TYPE.COMPARISON,ANSWER_TYPE.COMPARISON,True,more common,more common,1.0,True,,"In the above data, was label 'negative' more common, less common, or the same frequency before 2024-03-29, as compared to after 2024-03-29? Give your final answer in the form 'Answer: negative is [X] before 2024-03-29', where [X] is 'more common', 'less common', or 'the same frequency'.","Using only the records shown, for the label 'negative', compare before 2024-03-29 with after 2024-03-29; is before higher, lower, or tied?"
715070063,timeline,32768,70017,original,True,True,TASK_TYPE.RELATIVE_FREQ,TASK_TYPE.RELATIVE_FREQ,True,ANSWER_TYPE.COMPARISON,ANSWER_TYPE.COMPARISON,True,same frequency as,same frequency as,1.0,True,,"For the following question, only consider the subset of instances that occur in December of any year. Among instances occuring in December, is label 'contradiction' more common, less common, or the same frequency as label 'entailment'? Give your final answer in the form 'Answer: contradiction is [X] entailment', where [X] is 'more common than', 'less common than', or 'same frequency as'.","For the following question, only consider the subset of instances that occur in December of any year. Among instances occuring in December, is label 'contradiction' more common, less common, or the same frequency as label 'entailment'? Give your final answer in the form 'Answer: contradiction is [X] entailment', where [X] is 'more common than', 'less common than', or 'same frequency as'."
715070063,timeline,32768,70017,format_removed,True,True,TASK_TYPE.RELATIVE_FREQ,TASK_TYPE.RELATIVE_FREQ,True,ANSWER_TYPE.COMPARISON,ANSWER_TYPE.COMPARISON,True,same frequency as,same frequency as,1.0,True,,"For the following question, only consider the subset of instances that occur in December of any year. Among instances occuring in December, is label 'contradiction' more common, less common, or the same frequency as label 'entailment'? Give your final answer in the form 'Answer: contradiction is [X] entailment', where [X] is 'more common than', 'less common than', or 'same frequency as'.","For the following question, only consider the subset of instances that occur in December of any year. Among instances occuring in December, is label 'contradiction' more common, less common, or the same frequency as label 'entailment'?"
715070063,timeline,32768,70017,deterministic_paraphrase,False,True,TASK_TYPE.RELATIVE_FREQ,TASK_TYPE.RELATIVE_FREQ,True,ANSWER_TYPE.COMPARISON,ANSWER_TYPE.COMPARISON,True,same frequency as,same frequency as,1.0,True,,"For the following question, only consider the subset of instances that occur in December of any year. Among instances occuring in December, is label 'contradiction' more common, less common, or the same frequency as label 'entailment'? Give your final answer in the form 'Answer: contradiction is [X] entailment', where [X] is 'more common than', 'less common than', or 'same frequency as'.","Among records that occur in December of any year, compare how often the label 'contradiction' appears versus the label 'entailment'; is 'contradiction' higher, lower, or tied?"
215020064,timeline,32768,20017,original,True,True,TASK_TYPE.RELATIVE_FREQ,TASK_TYPE.RELATIVE_FREQ,True,ANSWER_TYPE.NUMERIC,ANSWER_TYPE.NUMERIC,True,15,15,1.0,True,,"For how many months does the label 'positive' occur more frequently than the label 'negative'? Disregard months where there is a tie.  Give your final answer in the form 'Answer: [X]', where [X] is the number of months where 'positive' occurs more often than 'negative.'","For how many months does the label 'positive' occur more frequently than the label 'negative'? Disregard months where there is a tie.  Give your final answer in the form 'Answer: [X]', where [X] is the number of months where 'positive' occurs more often than 'negative.'"
215020064,timeline,32768,20017,format_removed,False,True,TASK_TYPE.RELATIVE_FREQ,TASK_TYPE.RELATIVE_FREQ,True,ANSWER_TYPE.NUMERIC,ANSWER_TYPE.NUMERIC,True,15,15,1.0,True,,"For how many months does the label 'positive' occur more frequently than the label 'negative'? Disregard months where there is a tie.  Give your final answer in the form 'Answer: [X]', where [X] is the number of months where 'positive' occurs more often than 'negative.'",For how many months does the label 'positive' occur more frequently than the label 'negative'? Disregard months where there is a tie.
215020064,timeline,32768,20017,deterministic_paraphrase,False,True,TASK_TYPE.RELATIVE_FREQ,TASK_TYPE.RELATIVE_FREQ,True,ANSWER_TYPE.NUMERIC,ANSWER_TYPE.NUMERIC,True,15,15,1.0,True,,"For how many months does the label 'positive' occur more frequently than the label 'negative'? Disregard months where there is a tie.  Give your final answer in the form 'Answer: [X]', where [X] is the number of months where 'positive' occurs more often than 'negative.'",For how many months does the the label 'positive' occur more frequently than the the label 'negative'? Disregard months where there is a tie.?
915090061,timeline,32768,90017,original,True,True,TASK_TYPE.MOST_FREQ,TASK_TYPE.MOST_FREQ,True,ANSWER_TYPE.LABEL,ANSWER_TYPE.LABEL,True,positive,positive,1.0,True,,"For the following question, only consider the subset of instances that occur in August of any year. Among instances occuring in August, which of the labels is the most common? Give your final answer in the form 'Label: answer' where answer is one of the labels: negative, positive.","For the following question, only consider the subset of instances that occur in August of any year. Among instances occuring in August, which of the labels is the most common? Give your final answer in the form 'Label: answer' where answer is one of the labels: negative, positive."
915090061,timeline,32768,90017,format_removed,False,True,TASK_TYPE.MOST_FREQ,TASK_TYPE.MOST_FREQ,True,ANSWER_TYPE.LABEL,ANSWER_TYPE.LABEL,True,positive,positive,1.0,True,,"For the following question, only consider the subset of instances that occur in August of any year. Among instances occuring in August, which of the labels is the most common? Give your final answer in the form 'Label: answer' where answer is one of the labels: negative, positive.","For the following question, only consider the subset of instances that occur in August of any year. Among instances occuring in August, which of the labels is the most common?"
915090061,timeline,32768,90017,deterministic_paraphrase,False,True,TASK_TYPE.MOST_FREQ,TASK_TYPE.MOST_FREQ,True,ANSWER_TYPE.LABEL,ANSWER_TYPE.LABEL,True,positive,positive,1.0,True,,"For the following question, only consider the subset of instances that occur in August of any year. Among instances occuring in August, which of the labels is the most common? Give your final answer in the form 'Label: answer' where answer is one of the labels: negative, positive.","Among records that occur in August of any year, which label appears most frequently?"
215020040,timeline,32768,20016,original,True,True,TASK_TYPE.NUMERIC_ONE_CLASS,TASK_TYPE.NUMERIC_ONE_CLASS,True,ANSWER_TYPE.NUMERIC,ANSWER_TYPE.NUMERIC,True,5,5,1.0,True,,"For the following question, only consider the subset of instances that occur between Jul 28, 2023 and Aug 02, 2024, inclusive. Among instances occuring in this date range, how many data points should be classified as label 'negative'? Give your final answer in the form 'Answer: number'.","For the following question, only consider the subset of instances that occur between Jul 28, 2023 and Aug 02, 2024, inclusive. Among instances occuring in this date range, how many data points should be classified as label 'negative'? Give your final answer in the form 'Answer: number'."
215020040,timeline,32768,20016,format_removed,False,True,TASK_TYPE.NUMERIC_ONE_CLASS,TASK_TYPE.NUMERIC_ONE_CLASS,True,ANSWER_TYPE.NUMERIC,ANSWER_TYPE.NUMERIC,True,5,5,1.0,True,,"For the following question, only consider the subset of instances that occur between Jul 28, 2023 and Aug 02, 2024, inclusive. Among instances occuring in this date range, how many data points should be classified as label 'negative'? Give your final answer in the form 'Answer: number'.","For the following question, only consider the subset of instances that occur between Jul 28, 2023 and Aug 02, 2024, inclusive. Among instances occuring in this date range, how many data points should be classified as label 'negative'?"
215020040,timeline,32768,20016,deterministic_paraphrase,False,True,TASK_TYPE.NUMERIC_ONE_CLASS,TASK_TYPE.NUMERIC_ONE_CLASS,True,ANSWER_TYPE.NUMERIC,ANSWER_TYPE.NUMERIC,True,5,5,1.0,True,,"For the following question, only consider the subset of instances that occur between Jul 28, 2023 and Aug 02, 2024, inclusive. Among instances occuring in this date range, how many data points should be classified as label 'negative'? Give your final answer in the form 'Answer: number'.","For the following question, only consider the subset of instances that occur between Jul 28, 2023 and Aug 02, 2024, inclusive. Among instances occuring in this date range, what is the count of records have the label 'negative'?"
415040037,timeline,32768,40016,original,True,True,TASK_TYPE.NUMERIC_ONE_CLASS,TASK_TYPE.NUMERIC_ONE_CLASS,True,ANSWER_TYPE.NUMERIC,ANSWER_TYPE.NUMERIC,True,34,30,0.316406,False,,"For the following question, only consider the subset of instances that occur in April of any year. Among instances occuring in April, how many data points should be classified as label 'False'? Give your final answer in the form 'Answer: number'.","For the following question, only consider the subset of instances that occur in April of any year. Among instances occuring in April, how many data points should be classified as label 'False'? Give your final answer in the form 'Answer: number'."
415040037,timeline,32768,40016,format_removed,False,True,TASK_TYPE.NUMERIC_ONE_CLASS,TASK_TYPE.NUMERIC_ONE_CLASS,True,ANSWER_TYPE.NUMERIC,ANSWER_TYPE.NUMERIC,True,34,30,0.316406,False,,"For the following question, only consider the subset of instances that occur in April of any year. Among instances occuring in April, how many data points should be classified as label 'False'? Give your final answer in the form 'Answer: number'.","For the following question, only consider the subset of instances that occur in April of any year. Among instances occuring in April, how many data points should be classified as label 'False'?"
415040037,timeline,32768,40016,deterministic_paraphrase,False,True,TASK_TYPE.NUMERIC_ONE_CLASS,TASK_TYPE.NUMERIC_ONE_CLASS,True,ANSWER_TYPE.NUMERIC,ANSWER_TYPE.NUMERIC,True,34,30,0.316406,False,,"For the following question, only consider the subset of instances that occur in April of any year. Among instances occuring in April, how many data points should be classified as label 'False'? Give your final answer in the form 'Answer: number'.","Among records that occur in April of any year, what is the count of records have the label 'False'?"
915090034,timeline,32768,90016,original,True,True,TASK_TYPE.LEAST_FREQ,TASK_TYPE.LEAST_FREQ,True,ANSWER_TYPE.LABEL,ANSWER_TYPE.LABEL,True,positive,positive,1.0,True,,"For the following question, only consider the subset of instances that occur in January of any year. Among instances occuring in January, which of the labels is the least common? Give your final answer in the form 'Label: answer' where answer is one of the labels: negative, positive.","For the following question, only consider the subset of instances that occur in January of any year. Among instances occuring in January, which of the labels is the least common? Give your final answer in the form 'Label: answer' where answer is one of the labels: negative, positive."
915090034,timeline,32768,90016,format_removed,False,True,TASK_TYPE.LEAST_FREQ,TASK_TYPE.LEAST_FREQ,True,ANSWER_TYPE.LABEL,ANSWER_TYPE.LABEL,True,positive,positive,1.0,True,,"For the following question, only consider the subset of instances that occur in January of any year. Among instances occuring in January, which of the labels is the least common? Give your final answer in the form 'Label: answer' where answer is one of the labels: negative, positive.","For the following question, only consider the subset of instances that occur in January of any year. Among instances occuring in January, which of the labels is the least common?"
915090034,timeline,32768,90016,deterministic_paraphrase,False,True,TASK_TYPE.LEAST_FREQ,TASK_TYPE.LEAST_FREQ,True,ANSWER_TYPE.LABEL,ANSWER_TYPE.LABEL,True,positive,positive,1.0,True,,"For the following question, only consider the subset of instances that occur in January of any year. Among instances occuring in January, which of the labels is the least common? Give your final answer in the form 'Label: answer' where answer is one of the labels: negative, positive.","Among records that occur in January of any year, which label appears least frequently?"
715070039,timeline,32768,70016,original,True,True,TASK_TYPE.RELATIVE_FREQ,TASK_TYPE.RELATIVE_FREQ,True,ANSWER_TYPE.COMPARISON,ANSWER_TYPE.COMPARISON,True,more common,more common,1.0,True,,"In the above data, was label 'contradiction' more common, less common, or the same frequency before 2023-11-09, as compared to after 2023-11-09? Give your final answer in the form 'Answer: contradiction is [X] before 2023-11-09', where [X] is 'more common', 'less common', or 'the same frequency'.","In the above data, was label 'contradiction' more common, less common, or the same frequency before 2023-11-09, as compared to after 2023-11-09? Give your final answer in the form 'Answer: contradiction is [X] before 2023-11-09', where [X] is 'more common', 'less common', or 'the same frequency'."
715070039,timeline,32768,70016,format_removed,True,True,TASK_TYPE.RELATIVE_FREQ,TASK_TYPE.RELATIVE_FREQ,True,ANSWER_TYPE.COMPARISON,ANSWER_TYPE.COMPARISON,True,more common,more common,1.0,True,,"In the above data, was label 'contradiction' more common, less common, or the same frequency before 2023-11-09, as compared to after 2023-11-09? Give your final answer in the form 'Answer: contradiction is [X] before 2023-11-09', where [X] is 'more common', 'less common', or 'the same frequency'.","In the above data, was label 'contradiction' more common, less common, or the same frequency before 2023-11-09, as compared to after 2023-11-09?"
715070039,timeline,32768,70016,deterministic_paraphrase,False,True,TASK_TYPE.RELATIVE_FREQ,TASK_TYPE.RELATIVE_FREQ,True,ANSWER_TYPE.COMPARISON,ANSWER_TYPE.COMPARISON,True,more common,more common,1.0,True,,"In the above data, was label 'contradiction' more common, less common, or the same frequency before 2023-11-09, as compared to after 2023-11-09? Give your final answer in the form 'Answer: contradiction is [X] before 2023-11-09', where [X] is 'more common', 'less common', or 'the same frequency'.","Using only the records shown, for the label 'contradiction', compare before 2023-11-09 with after 2023-11-09; is before higher, lower, or tied?"
615060061,timeline,32768,60017,original,True,True,TASK_TYPE.NUMERIC_ONE_CLASS,TASK_TYPE.NUMERIC_ONE_CLASS,True,ANSWER_TYPE.NUMERIC,ANSWER_TYPE.NUMERIC,True,27,25,0.5625,False,,"For the following question, only consider the subset of instances that occur in February of any year. Among instances occuring in February, how many data points should be classified as label 'formal'? Give your final answer in the form 'Answer: number'.","For the following question, only consider the subset of instances that occur in February of any year. Among instances occuring in February, how many data points should be classified as label 'formal'? Give your final answer in the form 'Answer: number'."
615060061,timeline,32768,60017,format_removed,False,True,TASK_TYPE.NUMERIC_ONE_CLASS,TASK_TYPE.NUMERIC_ONE_CLASS,True,ANSWER_TYPE.NUMERIC,ANSWER_TYPE.NUMERIC,True,27,25,0.5625,False,,"For the following question, only consider the subset of instances that occur in February of any year. Among instances occuring in February, how many data points should be classified as label 'formal'? Give your final answer in the form 'Answer: number'.","For the following question, only consider the subset of instances that occur in February of any year. Among instances occuring in February, how many data points should be classified as label 'formal'?"
615060061,timeline,32768,60017,deterministic_paraphrase,False,True,TASK_TYPE.NUMERIC_ONE_CLASS,TASK_TYPE.NUMERIC_ONE_CLASS,True,ANSWER_TYPE.NUMERIC,ANSWER_TYPE.NUMERIC,True,27,25,0.5625,False,,"For the following question, only consider the subset of instances that occur in February of any year. Among instances occuring in February, how many data points should be classified as label 'formal'? Give your final answer in the form 'Answer: number'.","Among records that occur in February of any year, what is the count of records have the label 'formal'?"
616060065,timeline,65536,60019,original,True,True,TASK_TYPE.MOST_FREQ,TASK_TYPE.MOST_FREQ,True,ANSWER_TYPE.LABEL,ANSWER_TYPE.LABEL,True,formal,formal,1.0,True,,"For the following question, only consider the subset of instances that occur between Apr 10, 2023 and Aug 14, 2024, inclusive. Among instances occuring in this date range, which of the labels is the most common? Give your final answer in the form 'Label: answer' where answer is one of the labels: informal, formal.","For the following question, only consider the subset of instances that occur between Apr 10, 2023 and Aug 14, 2024, inclusive. Among instances occuring in this date range, which of the labels is the most common? Give your final answer in the form 'Label: answer' where answer is one of the labels: informal, formal."
616060065,timeline,65536,60019,format_removed,False,True,TASK_TYPE.MOST_FREQ,TASK_TYPE.MOST_FREQ,True,ANSWER_TYPE.LABEL,ANSWER_TYPE.LABEL,True,formal,formal,1.0,True,,"For the following question, only consider the subset of instances that occur between Apr 10, 2023 and Aug 14, 2024, inclusive. Among instances occuring in this date range, which of the labels is the most common? Give your final answer in the form 'Label: answer' where answer is one of the labels: informal, formal.","For the following question, only consider the subset of instances that occur between Apr 10, 2023 and Aug 14, 2024, inclusive. Among instances occuring in this date range, which of the labels is the most common?"
616060065,timeline,65536,60019,deterministic_paraphrase,False,True,TASK_TYPE.MOST_FREQ,TASK_TYPE.MOST_FREQ,True,ANSWER_TYPE.LABEL,ANSWER_TYPE.LABEL,True,formal,formal,1.0,True,,"For the following question, only consider the subset of instances that occur between Apr 10, 2023 and Aug 14, 2024, inclusive. Among instances occuring in this date range, which of the labels is the most common? Give your final answer in the form 'Label: answer' where answer is one of the labels: informal, formal.","For the following question, only consider the subset of instances that occur between Apr 10, 2023 and Aug 14, 2024, inclusive. Among instances occuring in this date range, which label appears most frequently?"
316030042,timeline,65536,30018,original,True,True,TASK_TYPE.RELATIVE_FREQ,TASK_TYPE.RELATIVE_FREQ,True,ANSWER_TYPE.COMPARISON,ANSWER_TYPE.COMPARISON,True,more common,more common,1.0,True,,"In the above data, was label 'Sci/Tech' more common, less common, or the same frequency before 2022-09-28, as compared to after 2022-09-28? Give your final answer in the form 'Answer: Sci/Tech is [X] before 2022-09-28', where [X] is 'more common', 'less common', or 'the same frequency'.","In the above data, was label 'Sci/Tech' more common, less common, or the same frequency before 2022-09-28, as compared to after 2022-09-28? Give your final answer in the form 'Answer: Sci/Tech is [X] before 2022-09-28', where [X] is 'more common', 'less common', or 'the same frequency'."
316030042,timeline,65536,30018,format_removed,True,True,TASK_TYPE.RELATIVE_FREQ,TASK_TYPE.RELATIVE_FREQ,True,ANSWER_TYPE.COMPARISON,ANSWER_TYPE.COMPARISON,True,more common,more common,1.0,True,,"In the above data, was label 'Sci/Tech' more common, less common, or the same frequency before 2022-09-28, as compared to after 2022-09-28? Give your final answer in the form 'Answer: Sci/Tech is [X] before 2022-09-28', where [X] is 'more common', 'less common', or 'the same frequency'.","In the above data, was label 'Sci/Tech' more common, less common, or the same frequency before 2022-09-28, as compared to after 2022-09-28?"
316030042,timeline,65536,30018,deterministic_paraphrase,False,True,TASK_TYPE.RELATIVE_FREQ,TASK_TYPE.RELATIVE_FREQ,True,ANSWER_TYPE.COMPARISON,ANSWER_TYPE.COMPARISON,True,more common,more common,1.0,True,,"In the above data, was label 'Sci/Tech' more common, less common, or the same frequency before 2022-09-28, as compared to after 2022-09-28? Give your final answer in the form 'Answer: Sci/Tech is [X] before 2022-09-28', where [X] is 'more common', 'less common', or 'the same frequency'.","Using only the records shown, for the label 'Sci/Tech', compare before 2022-09-28 with after 2022-09-28; is before higher, lower, or tied?"
916090061,timeline,65536,90019,original,True,True,TASK_TYPE.NUMERIC_ONE_CLASS,TASK_TYPE.NUMERIC_ONE_CLASS,True,ANSWER_TYPE.NUMERIC,ANSWER_TYPE.NUMERIC,True,58,60,0.5625,False,,"For the following question, only consider the subset of instances that occur in February of any year. Among instances occuring in February, how many data points should be classified as label 'positive'? Give your final answer in the form 'Answer: number'.","For the following question, only consider the subset of instances that occur in February of any year. Among instances occuring in February, how many data points should be classified as label 'positive'? Give your final answer in the form 'Answer: number'."
916090061,timeline,65536,90019,format_removed,False,True,TASK_TYPE.NUMERIC_ONE_CLASS,TASK_TYPE.NUMERIC_ONE_CLASS,True,ANSWER_TYPE.NUMERIC,ANSWER_TYPE.NUMERIC,True,58,60,0.5625,False,,"For the following question, only consider the subset of instances that occur in February of any year. Among instances occuring in February, how many data points should be classified as label 'positive'? Give your final answer in the form 'Answer: number'.","For the following question, only consider the subset of instances that occur in February of any year. Among instances occuring in February, how many data points should be classified as label 'positive'?"
916090061,timeline,65536,90019,deterministic_paraphrase,False,True,TASK_TYPE.NUMERIC_ONE_CLASS,TASK_TYPE.NUMERIC_ONE_CLASS,True,ANSWER_TYPE.NUMERIC,ANSWER_TYPE.NUMERIC,True,58,60,0.5625,False,,"For the following question, only consider the subset of instances that occur in February of any year. Among instances occuring in February, how many data points should be classified as label 'positive'? Give your final answer in the form 'Answer: number'.","Among records that occur in February of any year, what is the count of records have the label 'positive'?"
816080219,timeline,65536,80003,original,True,True,TASK_TYPE.REPRESENTED_N_TIMES,TASK_TYPE.REPRESENTED_N_TIMES,True,ANSWER_TYPE.NUMERIC,ANSWER_TYPE.NUMERIC,True,3,3,1.0,True,,"In the above data, how many dates are represented exactly 5 times? Give your final answer in the form 'Answer: [X]', where [X] is the number of dates represented exactly 5 times.","In the above data, how many dates are represented exactly 5 times? Give your final answer in the form 'Answer: [X]', where [X] is the number of dates represented exactly 5 times."
816080219,timeline,65536,80003,format_removed,True,True,TASK_TYPE.REPRESENTED_N_TIMES,TASK_TYPE.REPRESENTED_N_TIMES,True,ANSWER_TYPE.NUMERIC,ANSWER_TYPE.NUMERIC,True,3,3,1.0,True,,"In the above data, how many dates are represented exactly 5 times? Give your final answer in the form 'Answer: [X]', where [X] is the number of dates represented exactly 5 times.","In the above data, how many dates are represented exactly 5 times?"
816080219,timeline,65536,80003,deterministic_paraphrase,False,True,TASK_TYPE.REPRESENTED_N_TIMES,TASK_TYPE.REPRESENTED_N_TIMES,True,ANSWER_TYPE.NUMERIC,ANSWER_TYPE.NUMERIC,True,3,3,1.0,True,,"In the above data, how many dates are represented exactly 5 times? Give your final answer in the form 'Answer: [X]', where [X] is the number of dates represented exactly 5 times.","Using only the records shown, count dates that occur exactly 5 times?"
416040066,timeline,65536,40019,original,True,True,TASK_TYPE.LEAST_FREQ,TASK_TYPE.LEAST_FREQ,True,ANSWER_TYPE.LABEL,ANSWER_TYPE.LABEL,True,true,True,1.0,True,,"For the following question, only consider the subset of instances that occur between Nov 09, 2022 and Jan 02, 2023, inclusive. Among instances occuring in this date range, which of the labels is the least common? Give your final answer in the form 'Label: answer' where answer is one of the labels: False, True.","For the following question, only consider the subset of instances that occur between Nov 09, 2022 and Jan 02, 2023, inclusive. Among instances occuring in this date range, which of the labels is the least common? Give your final answer in the form 'Label: answer' where answer is one of the labels: False, True."
416040066,timeline,65536,40019,format_removed,False,True,TASK_TYPE.LEAST_FREQ,TASK_TYPE.LEAST_FREQ,True,ANSWER_TYPE.LABEL,ANSWER_TYPE.LABEL,True,true,True,1.0,True,,"For the following question, only consider the subset of instances that occur between Nov 09, 2022 and Jan 02, 2023, inclusive. Among instances occuring in this date range, which of the labels is the least common? Give your final answer in the form 'Label: answer' where answer is one of the labels: False, True.","For the following question, only consider the subset of instances that occur between Nov 09, 2022 and Jan 02, 2023, inclusive. Among instances occuring in this date range, which of the labels is the least common?"
416040066,timeline,65536,40019,deterministic_paraphrase,False,True,TASK_TYPE.LEAST_FREQ,TASK_TYPE.LEAST_FREQ,True,ANSWER_TYPE.LABEL,ANSWER_TYPE.LABEL,True,true,True,1.0,True,,"For the following question, only consider the subset of instances that occur between Nov 09, 2022 and Jan 02, 2023, inclusive. Among instances occuring in this date range, which of the labels is the least common? Give your final answer in the form 'Label: answer' where answer is one of the labels: False, True.","For the following question, only consider the subset of instances that occur between Nov 09, 2022 and Jan 02, 2023, inclusive. Among instances occuring in this date range, which label appears least frequently?"
416040036,timeline,65536,40018,original,True,True,TASK_TYPE.LEAST_FREQ,TASK_TYPE.LEAST_FREQ,True,ANSWER_TYPE.LABEL,ANSWER_TYPE.LABEL,True,true,True,1.0,True,,"For the following question, only consider the subset of instances that occur in November of any year. Among instances occuring in November, which of the labels is the least common? Give your final answer in the form 'Label: answer' where answer is one of the labels: False, True.","For the following question, only consider the subset of instances that occur in November of any year. Among instances occuring in November, which of the labels is the least common? Give your final answer in the form 'Label: answer' where answer is one of the labels: False, True."
416040036,timeline,65536,40018,format_removed,False,True,TASK_TYPE.LEAST_FREQ,TASK_TYPE.LEAST_FREQ,True,ANSWER_TYPE.LABEL,ANSWER_TYPE.LABEL,True,true,True,1.0,True,,"For the following question, only consider the subset of instances that occur in November of any year. Among instances occuring in November, which of the labels is the least common? Give your final answer in the form 'Label: answer' where answer is one of the labels: False, True.","For the following question, only consider the subset of instances that occur in November of any year. Among instances occuring in November, which of the labels is the least common?"
416040036,timeline,65536,40018,deterministic_paraphrase,False,True,TASK_TYPE.LEAST_FREQ,TASK_TYPE.LEAST_FREQ,True,ANSWER_TYPE.LABEL,ANSWER_TYPE.LABEL,True,true,True,1.0,True,,"For the following question, only consider the subset of instances that occur in November of any year. Among instances occuring in November, which of the labels is the least common? Give your final answer in the form 'Label: answer' where answer is one of the labels: False, True.","Among records that occur in November of any year, which label appears least frequently?"
716070041,timeline,65536,70018,original,True,True,TASK_TYPE.RELATIVE_FREQ,TASK_TYPE.RELATIVE_FREQ,True,ANSWER_TYPE.COMPARISON,ANSWER_TYPE.COMPARISON,True,less common,less common,1.0,True,,"In the above data, was label 'contradiction' more common, less common, or the same frequency before 2023-01-04, as compared to after 2023-01-04? Give your final answer in the form 'Answer: contradiction is [X] before 2023-01-04', where [X] is 'more common', 'less common', or 'the same frequency'.","In the above data, was label 'contradiction' more common, less common, or the same frequency before 2023-01-04, as compared to after 2023-01-04? Give your final answer in the form 'Answer: contradiction is [X] before 2023-01-04', where [X] is 'more common', 'less common', or 'the same frequency'."
716070041,timeline,65536,70018,format_removed,True,True,TASK_TYPE.RELATIVE_FREQ,TASK_TYPE.RELATIVE_FREQ,True,ANSWER_TYPE.COMPARISON,ANSWER_TYPE.COMPARISON,True,less common,less common,1.0,True,,"In the above data, was label 'contradiction' more common, less common, or the same frequency before 2023-01-04, as compared to after 2023-01-04? Give your final answer in the form 'Answer: contradiction is [X] before 2023-01-04', where [X] is 'more common', 'less common', or 'the same frequency'.","In the above data, was label 'contradiction' more common, less common, or the same frequency before 2023-01-04, as compared to after 2023-01-04?"
716070041,timeline,65536,70018,deterministic_paraphrase,False,True,TASK_TYPE.RELATIVE_FREQ,TASK_TYPE.RELATIVE_FREQ,True,ANSWER_TYPE.COMPARISON,ANSWER_TYPE.COMPARISON,True,less common,less common,1.0,True,,"In the above data, was label 'contradiction' more common, less common, or the same frequency before 2023-01-04, as compared to after 2023-01-04? Give your final answer in the form 'Answer: contradiction is [X] before 2023-01-04', where [X] is 'more common', 'less common', or 'the same frequency'.","Using only the records shown, for the label 'contradiction', compare before 2023-01-04 with after 2023-01-04; is before higher, lower, or tied?"
216020042,timeline,65536,20018,original,True,True,TASK_TYPE.NUMERIC_ONE_CLASS,TASK_TYPE.NUMERIC_ONE_CLASS,True,ANSWER_TYPE.NUMERIC,ANSWER_TYPE.NUMERIC,True,32,31,0.75,False,,"For the following question, only consider the subset of instances that occur between Oct 11, 2023 and Sep 23, 2024, inclusive. Among instances occuring in this date range, how many data points should be classified as label 'negative'? Give your final answer in the form 'Answer: number'.","For the following question, only consider the subset of instances that occur between Oct 11, 2023 and Sep 23, 2024, inclusive. Among instances occuring in this date range, how many data points should be classified as label 'negative'? Give your final answer in the form 'Answer: number'."
216020042,timeline,65536,20018,format_removed,False,True,TASK_TYPE.NUMERIC_ONE_CLASS,TASK_TYPE.NUMERIC_ONE_CLASS,True,ANSWER_TYPE.NUMERIC,ANSWER_TYPE.NUMERIC,True,32,31,0.75,False,,"For the following question, only consider the subset of instances that occur between Oct 11, 2023 and Sep 23, 2024, inclusive. Among instances occuring in this date range, how many data points should be classified as label 'negative'? Give your final answer in the form 'Answer: number'.","For the following question, only consider the subset of instances that occur between Oct 11, 2023 and Sep 23, 2024, inclusive. Among instances occuring in this date range, how many data points should be classified as label 'negative'?"
216020042,timeline,65536,20018,deterministic_paraphrase,False,True,TASK_TYPE.NUMERIC_ONE_CLASS,TASK_TYPE.NUMERIC_ONE_CLASS,True,ANSWER_TYPE.NUMERIC,ANSWER_TYPE.NUMERIC,True,32,31,0.75,False,,"For the following question, only consider the subset of instances that occur between Oct 11, 2023 and Sep 23, 2024, inclusive. Among instances occuring in this date range, how many data points should be classified as label 'negative'? Give your final answer in the form 'Answer: number'.","For the following question, only consider the subset of instances that occur between Oct 11, 2023 and Sep 23, 2024, inclusive. Among instances occuring in this date range, what is the count of records have the label 'negative'?"
417040039,timeline,131072,40021,original,True,True,TASK_TYPE.NUMERIC_ONE_CLASS,TASK_TYPE.NUMERIC_ONE_CLASS,True,ANSWER_TYPE.NUMERIC,ANSWER_TYPE.NUMERIC,True,133,98,4.2e-05,False,,"For the following question, only consider the subset of instances that occur in January of any year. Among instances occuring in January, how many data points should be classified as label 'False'? Give your final answer in the form 'Answer: number'.","For the following question, only consider the subset of instances that occur in January of any year. Among instances occuring in January, how many data points should be classified as label 'False'? Give your final answer in the form 'Answer: number'."
417040039,timeline,131072,40021,format_removed,False,True,TASK_TYPE.NUMERIC_ONE_CLASS,TASK_TYPE.NUMERIC_ONE_CLASS,True,ANSWER_TYPE.NUMERIC,ANSWER_TYPE.NUMERIC,True,133,98,4.2e-05,False,,"For the following question, only consider the subset of instances that occur in January of any year. Among instances occuring in January, how many data points should be classified as label 'False'? Give your final answer in the form 'Answer: number'.","For the following question, only consider the subset of instances that occur in January of any year. Among instances occuring in January, how many data points should be classified as label 'False'?"
417040039,timeline,131072,40021,deterministic_paraphrase,False,True,TASK_TYPE.NUMERIC_ONE_CLASS,TASK_TYPE.NUMERIC_ONE_CLASS,True,ANSWER_TYPE.NUMERIC,ANSWER_TYPE.NUMERIC,True,133,98,4.2e-05,False,,"For the following question, only consider the subset of instances that occur in January of any year. Among instances occuring in January, how many data points should be classified as label 'False'? Give your final answer in the form 'Answer: number'.","Among records that occur in January of any year, what is the count of records have the label 'False'?"
317030070,timeline,131072,30022,original,True,True,TASK_TYPE.MOST_FREQ,TASK_TYPE.MOST_FREQ,True,ANSWER_TYPE.DATE,ANSWER_TYPE.DATE,True,"Mar 14, 2023",2023-03-14 00:00:00,1.0,True,,"In the above data, which date is represented most often? Give your final answer in the form 'Date: [X]', where [X] is the date in the format MM/DD/YYYY.","In the above data, which date is represented most often? Give your final answer in the form 'Date: [X]', where [X] is the date in the format MM/DD/YYYY."
317030070,timeline,131072,30022,format_removed,False,True,TASK_TYPE.MOST_FREQ,TASK_TYPE.MOST_FREQ,True,ANSWER_TYPE.DATE,ANSWER_TYPE.DATE,True,"Mar 14, 2023",2023-03-14 00:00:00,1.0,True,,"In the above data, which date is represented most often? Give your final answer in the form 'Date: [X]', where [X] is the date in the format MM/DD/YYYY.","In the above data, which date is represented most often?"
317030070,timeline,131072,30022,deterministic_paraphrase,False,True,TASK_TYPE.MOST_FREQ,TASK_TYPE.MOST_FREQ,True,ANSWER_TYPE.DATE,ANSWER_TYPE.DATE,True,"Mar 14, 2023",2023-03-14 00:00:00,1.0,True,,"In the above data, which date is represented most often? Give your final answer in the form 'Date: [X]', where [X] is the date in the format MM/DD/YYYY.","Using only the records shown, which date occurs most frequently?"
917090060,timeline,131072,90022,original,True,True,TASK_TYPE.MOST_FREQ,TASK_TYPE.MOST_FREQ,True,ANSWER_TYPE.DATE,ANSWER_TYPE.DATE,True,"Jan 13, 2023",2023-01-13 00:00:00,1.0,True,,"In the above data, which date is represented most often? Give your final answer in the form 'Date: [X]', where [X] is the date in the format MM/DD/YYYY.","In the above data, which date is represented most often? Give your final answer in the form 'Date: [X]', where [X] is the date in the format MM/DD/YYYY."
917090060,timeline,131072,90022,format_removed,False,True,TASK_TYPE.MOST_FREQ,TASK_TYPE.MOST_FREQ,True,ANSWER_TYPE.DATE,ANSWER_TYPE.DATE,True,"Jan 13, 2023",2023-01-13 00:00:00,1.0,True,,"In the above data, which date is represented most often? Give your final answer in the form 'Date: [X]', where [X] is the date in the format MM/DD/YYYY.","In the above data, which date is represented most often?"
917090060,timeline,131072,90022,deterministic_paraphrase,False,True,TASK_TYPE.MOST_FREQ,TASK_TYPE.MOST_FREQ,True,ANSWER_TYPE.DATE,ANSWER_TYPE.DATE,True,"Jan 13, 2023",2023-01-13 00:00:00,1.0,True,,"In the above data, which date is represented most often? Give your final answer in the form 'Date: [X]', where [X] is the date in the format MM/DD/YYYY.","Using only the records shown, which date occurs most frequently?"
617060035,timeline,131072,60021,original,True,True,TASK_TYPE.MOST_FREQ,TASK_TYPE.MOST_FREQ,True,ANSWER_TYPE.DATE,ANSWER_TYPE.DATE,True,"Dec 23, 2023",2023-12-23 00:00:00,1.0,True,,"In the above data, which date is represented most often? Give your final answer in the form 'Date: [X]', where [X] is the date in the format MM/DD/YYYY.","In the above data, which date is represented most often? Give your final answer in the form 'Date: [X]', where [X] is the date in the format MM/DD/YYYY."
617060035,timeline,131072,60021,format_removed,False,True,TASK_TYPE.MOST_FREQ,TASK_TYPE.MOST_FREQ,True,ANSWER_TYPE.DATE,ANSWER_TYPE.DATE,True,"Dec 23, 2023",2023-12-23 00:00:00,1.0,True,,"In the above data, which date is represented most often? Give your final answer in the form 'Date: [X]', where [X] is the date in the format MM/DD/YYYY.","In the above data, which date is represented most often?"
617060035,timeline,131072,60021,deterministic_paraphrase,False,True,TASK_TYPE.MOST_FREQ,TASK_TYPE.MOST_FREQ,True,ANSWER_TYPE.DATE,ANSWER_TYPE.DATE,True,"Dec 23, 2023",2023-12-23 00:00:00,1.0,True,,"In the above data, which date is represented most often? Give your final answer in the form 'Date: [X]', where [X] is the date in the format MM/DD/YYYY.","Using only the records shown, which date occurs most frequently?"
717070041,timeline,131072,70021,original,True,True,TASK_TYPE.MOST_FREQ,TASK_TYPE.MOST_FREQ,True,ANSWER_TYPE.LABEL,ANSWER_TYPE.LABEL,True,contradiction,contradiction,1.0,True,,"For the following question, only consider the subset of instances that occur in July of any year. Among instances occuring in July, which of the labels is the most common? Give your final answer in the form 'Label: answer' where answer is one of the labels: neutral, contradiction, entailment.","For the following question, only consider the subset of instances that occur in July of any year. Among instances occuring in July, which of the labels is the most common? Give your final answer in the form 'Label: answer' where answer is one of the labels: neutral, contradiction, entailment."
717070041,timeline,131072,70021,format_removed,False,True,TASK_TYPE.MOST_FREQ,TASK_TYPE.MOST_FREQ,True,ANSWER_TYPE.LABEL,ANSWER_TYPE.LABEL,True,contradiction,contradiction,1.0,True,,"For the following question, only consider the subset of instances that occur in July of any year. Among instances occuring in July, which of the labels is the most common? Give your final answer in the form 'Label: answer' where answer is one of the labels: neutral, contradiction, entailment.","For the following question, only consider the subset of instances that occur in July of any year. Among instances occuring in July, which of the labels is the most common?"
717070041,timeline,131072,70021,deterministic_paraphrase,False,True,TASK_TYPE.MOST_FREQ,TASK_TYPE.MOST_FREQ,True,ANSWER_TYPE.LABEL,ANSWER_TYPE.LABEL,True,contradiction,contradiction,1.0,True,,"For the following question, only consider the subset of instances that occur in July of any year. Among instances occuring in July, which of the labels is the most common? Give your final answer in the form 'Label: answer' where answer is one of the labels: neutral, contradiction, entailment.","Among records that occur in July of any year, which label appears most frequently?"
217020038,timeline,131072,20021,original,True,True,TASK_TYPE.NUMERIC_ONE_CLASS,TASK_TYPE.NUMERIC_ONE_CLASS,True,ANSWER_TYPE.NUMERIC,ANSWER_TYPE.NUMERIC,True,17,16,0.75,False,,"For the following question, only consider the subset of instances that occur in August of any year. Among instances occuring in August, how many data points should be classified as label 'positive'? Give your final answer in the form 'Answer: number'.","For the following question, only consider the subset of instances that occur in August of any year. Among instances occuring in August, how many data points should be classified as label 'positive'? Give your final answer in the form 'Answer: number'."
217020038,timeline,131072,20021,format_removed,False,True,TASK_TYPE.NUMERIC_ONE_CLASS,TASK_TYPE.NUMERIC_ONE_CLASS,True,ANSWER_TYPE.NUMERIC,ANSWER_TYPE.NUMERIC,True,17,16,0.75,False,,"For the following question, only consider the subset of instances that occur in August of any year. Among instances occuring in August, how many data points should be classified as label 'positive'? Give your final answer in the form 'Answer: number'.","For the following question, only consider the subset of instances that occur in August of any year. Among instances occuring in August, how many data points should be classified as label 'positive'?"
217020038,timeline,131072,20021,deterministic_paraphrase,False,True,TASK_TYPE.NUMERIC_ONE_CLASS,TASK_TYPE.NUMERIC_ONE_CLASS,True,ANSWER_TYPE.NUMERIC,ANSWER_TYPE.NUMERIC,True,17,16,0.75,False,,"For the following question, only consider the subset of instances that occur in August of any year. Among instances occuring in August, how many data points should be classified as label 'positive'? Give your final answer in the form 'Answer: number'.","Among records that occur in August of any year, what is the count of records have the label 'positive'?"
417040061,timeline,131072,40022,original,True,True,TASK_TYPE.MOST_FREQ,TASK_TYPE.MOST_FREQ,True,ANSWER_TYPE.LABEL,ANSWER_TYPE.LABEL,True,false,False,1.0,True,,"For the following question, only consider the subset of instances that occur in June of any year. Among instances occuring in June, which of the labels is the most common? Give your final answer in the form 'Label: answer' where answer is one of the labels: False, True.","For the following question, only consider the subset of instances that occur in June of any year. Among instances occuring in June, which of the labels is the most common? Give your final answer in the form 'Label: answer' where answer is one of the labels: False, True."
417040061,timeline,131072,40022,format_removed,False,True,TASK_TYPE.MOST_FREQ,TASK_TYPE.MOST_FREQ,True,ANSWER_TYPE.LABEL,ANSWER_TYPE.LABEL,True,false,False,1.0,True,,"For the following question, only consider the subset of instances that occur in June of any year. Among instances occuring in June, which of the labels is the most common? Give your final answer in the form 'Label: answer' where answer is one of the labels: False, True.","For the following question, only consider the subset of instances that occur in June of any year. Among instances occuring in June, which of the labels is the most common?"
417040061,timeline,131072,40022,deterministic_paraphrase,False,True,TASK_TYPE.MOST_FREQ,TASK_TYPE.MOST_FREQ,True,ANSWER_TYPE.LABEL,ANSWER_TYPE.LABEL,True,false,False,1.0,True,,"For the following question, only consider the subset of instances that occur in June of any year. Among instances occuring in June, which of the labels is the most common? Give your final answer in the form 'Label: answer' where answer is one of the labels: False, True.","Among records that occur in June of any year, which label appears most frequently?"
817080227,timeline,131072,80008,original,True,True,TASK_TYPE.MOST_FREQ,TASK_TYPE.MOST_FREQ,True,ANSWER_TYPE.LABEL,ANSWER_TYPE.LABEL,True,incorrect,incorrect,1.0,True,,"For the following question, only consider the subset of instances that occur in June of any year. Among instances occuring in June, which of the labels is the most common? Give your final answer in the form 'Label: answer' where answer is one of the labels: incorrect, correct.","For the following question, only consider the subset of instances that occur in June of any year. Among instances occuring in June, which of the labels is the most common? Give your final answer in the form 'Label: answer' where answer is one of the labels: incorrect, correct."
817080227,timeline,131072,80008,format_removed,False,True,TASK_TYPE.MOST_FREQ,TASK_TYPE.MOST_FREQ,True,ANSWER_TYPE.LABEL,ANSWER_TYPE.LABEL,True,incorrect,incorrect,1.0,True,,"For the following question, only consider the subset of instances that occur in June of any year. Among instances occuring in June, which of the labels is the most common? Give your final answer in the form 'Label: answer' where answer is one of the labels: incorrect, correct.","For the following question, only consider the subset of instances that occur in June of any year. Among instances occuring in June, which of the labels is the most common?"
817080227,timeline,131072,80008,deterministic_paraphrase,False,True,TASK_TYPE.MOST_FREQ,TASK_TYPE.MOST_FREQ,True,ANSWER_TYPE.LABEL,ANSWER_TYPE.LABEL,True,incorrect,incorrect,1.0,True,,"For the following question, only consider the subset of instances that occur in June of any year. Among instances occuring in June, which of the labels is the most common? Give your final answer in the form 'Label: answer' where answer is one of the labels: incorrect, correct.","Among records that occur in June of any year, which label appears most frequently?"
213020019,user,8192,20009,original,True,True,TASK_TYPE.RELATIVE_FREQ,TASK_TYPE.RELATIVE_FREQ,True,ANSWER_TYPE.USER,ANSWER_TYPE.USER,True,13989,13989,1.0,True,,"In the above data, which user has more instances with the label positive: User 13989 or User 19283? Give your final answer in the form 'User: [X]', where [X] is the user ID.","In the above data, which user has more instances with the label positive: User 13989 or User 19283? Give your final answer in the form 'User: [X]', where [X] is the user ID."
213020019,user,8192,20009,format_removed,False,True,TASK_TYPE.RELATIVE_FREQ,TASK_TYPE.RELATIVE_FREQ,True,ANSWER_TYPE.USER,ANSWER_TYPE.USER,True,13989,13989,1.0,True,,"In the above data, which user has more instances with the label positive: User 13989 or User 19283? Give your final answer in the form 'User: [X]', where [X] is the user ID.","In the above data, which user has more instances with the label positive: User 13989 or User 19283?"
213020019,user,8192,20009,deterministic_paraphrase,False,True,TASK_TYPE.RELATIVE_FREQ,TASK_TYPE.RELATIVE_FREQ,True,ANSWER_TYPE.USER,ANSWER_TYPE.USER,True,13989,13989,1.0,True,,"In the above data, which user has more instances with the label positive: User 13989 or User 19283? Give your final answer in the form 'User: [X]', where [X] is the user ID.","Using only the records shown, between User 13989 and User 19283, who has more records with label positive?"
813080041,user,8192,80010,original,True,True,TASK_TYPE.MOST_FREQ,TASK_TYPE.MOST_FREQ,True,ANSWER_TYPE.LABEL,ANSWER_TYPE.LABEL,True,incorrect,incorrect,1.0,True,,"For the following question, only consider the subset of instances that are associated with user IDs 36061. Among instances associated with these users, which of the labels is the most common? Give your final answer in the form 'Label: answer' where answer is one of the labels: incorrect, correct.","For the following question, only consider the subset of instances that are associated with user IDs 36061. Among instances associated with these users, which of the labels is the most common? Give your final answer in the form 'Label: answer' where answer is one of the labels: incorrect, correct."
813080041,user,8192,80010,format_removed,False,True,TASK_TYPE.MOST_FREQ,TASK_TYPE.MOST_FREQ,True,ANSWER_TYPE.LABEL,ANSWER_TYPE.LABEL,True,incorrect,incorrect,1.0,True,,"For the following question, only consider the subset of instances that are associated with user IDs 36061. Among instances associated with these users, which of the labels is the most common? Give your final answer in the form 'Label: answer' where answer is one of the labels: incorrect, correct.","For the following question, only consider the subset of instances that are associated with user IDs 36061. Among instances associated with these users, which of the labels is the most common?"
813080041,user,8192,80010,deterministic_paraphrase,False,True,TASK_TYPE.MOST_FREQ,TASK_TYPE.MOST_FREQ,True,ANSWER_TYPE.LABEL,ANSWER_TYPE.LABEL,True,incorrect,incorrect,1.0,True,,"For the following question, only consider the subset of instances that are associated with user IDs 36061. Among instances associated with these users, which of the labels is the most common? Give your final answer in the form 'Label: answer' where answer is one of the labels: incorrect, correct.","Among records associated with user IDs 36061, which label appears most frequently?"
913090046,user,8192,90010,original,True,True,TASK_TYPE.RELATIVE_FREQ,TASK_TYPE.RELATIVE_FREQ,True,ANSWER_TYPE.USER,ANSWER_TYPE.USER,True,48036,48036,1.0,True,,"In the above data, which user has more instances with the label positive: User 48036 or User 72023? Give your final answer in the form 'User: [X]', where [X] is the user ID.","In the above data, which user has more instances with the label positive: User 48036 or User 72023? Give your final answer in the form 'User: [X]', where [X] is the user ID."
913090046,user,8192,90010,format_removed,False,True,TASK_TYPE.RELATIVE_FREQ,TASK_TYPE.RELATIVE_FREQ,True,ANSWER_TYPE.USER,ANSWER_TYPE.USER,True,48036,48036,1.0,True,,"In the above data, which user has more instances with the label positive: User 48036 or User 72023? Give your final answer in the form 'User: [X]', where [X] is the user ID.","In the above data, which user has more instances with the label positive: User 48036 or User 72023?"
913090046,user,8192,90010,deterministic_paraphrase,False,True,TASK_TYPE.RELATIVE_FREQ,TASK_TYPE.RELATIVE_FREQ,True,ANSWER_TYPE.USER,ANSWER_TYPE.USER,True,48036,48036,1.0,True,,"In the above data, which user has more instances with the label positive: User 48036 or User 72023? Give your final answer in the form 'User: [X]', where [X] is the user ID.","Using only the records shown, between User 48036 and User 72023, who has more records with label positive?"
413040047,user,8192,40010,original,True,True,TASK_TYPE.MOST_FREQ,TASK_TYPE.MOST_FREQ,True,ANSWER_TYPE.USER,ANSWER_TYPE.USER,True,62494,78734,0.0,False,,"In the above data, which user has the most instances with the label True? Give your final answer in the form 'User: [X]', where [X] is the user ID.","In the above data, which user has the most instances with the label True? Give your final answer in the form 'User: [X]', where [X] is the user ID."
413040047,user,8192,40010,format_removed,False,True,TASK_TYPE.MOST_FREQ,TASK_TYPE.MOST_FREQ,True,ANSWER_TYPE.USER,ANSWER_TYPE.USER,True,62494,78734,0.0,False,,"In the above data, which user has the most instances with the label True? Give your final answer in the form 'User: [X]', where [X] is the user ID.","In the above data, which user has the most instances with the label True?"
413040047,user,8192,40010,deterministic_paraphrase,False,True,TASK_TYPE.MOST_FREQ,TASK_TYPE.MOST_FREQ,True,ANSWER_TYPE.USER,ANSWER_TYPE.USER,True,62494,78734,0.0,False,,"In the above data, which user has the most instances with the label True? Give your final answer in the form 'User: [X]', where [X] is the user ID.","Using only the records shown, which user has the most instances with the label True?"
613060045,user,8192,60010,original,True,True,TASK_TYPE.MOST_FREQ,TASK_TYPE.MOST_FREQ,True,ANSWER_TYPE.USER,ANSWER_TYPE.USER,True,61451,27326,0.0,False,,"In the above data, which user has the most instances with the label formal? Give your final answer in the form 'User: [X]', where [X] is the user ID.","In the above data, which user has the most instances with the label formal? Give your final answer in the form 'User: [X]', where [X] is the user ID."
613060045,user,8192,60010,format_removed,False,True,TASK_TYPE.MOST_FREQ,TASK_TYPE.MOST_FREQ,True,ANSWER_TYPE.USER,ANSWER_TYPE.USER,True,61451,27326,0.0,False,,"In the above data, which user has the most instances with the label formal? Give your final answer in the form 'User: [X]', where [X] is the user ID.","In the above data, which user has the most instances with the label formal?"
613060045,user,8192,60010,deterministic_paraphrase,False,True,TASK_TYPE.MOST_FREQ,TASK_TYPE.MOST_FREQ,True,ANSWER_TYPE.USER,ANSWER_TYPE.USER,True,61451,27326,0.0,False,,"In the above data, which user has the most instances with the label formal? Give your final answer in the form 'User: [X]', where [X] is the user ID.","Using only the records shown, which user has the most instances with the label formal?"
213020044,user,8192,20010,original,True,True,TASK_TYPE.RELATIVE_FREQ,TASK_TYPE.RELATIVE_FREQ,True,ANSWER_TYPE.USER,ANSWER_TYPE.USER,True,71237,71237,1.0,True,,"In the above data, which user has more instances with the label negative: User 71237 or User 93911? Give your final answer in the form 'User: [X]', where [X] is the user ID.","In the above data, which user has more instances with the label negative: User 71237 or User 93911? Give your final answer in the form 'User: [X]', where [X] is the user ID."
213020044,user,8192,20010,format_removed,False,True,TASK_TYPE.RELATIVE_FREQ,TASK_TYPE.RELATIVE_FREQ,True,ANSWER_TYPE.USER,ANSWER_TYPE.USER,True,71237,71237,1.0,True,,"In the above data, which user has more instances with the label negative: User 71237 or User 93911? Give your final answer in the form 'User: [X]', where [X] is the user ID.","In the above data, which user has more instances with the label negative: User 71237 or User 93911?"
213020044,user,8192,20010,deterministic_paraphrase,False,True,TASK_TYPE.RELATIVE_FREQ,TASK_TYPE.RELATIVE_FREQ,True,ANSWER_TYPE.USER,ANSWER_TYPE.USER,True,71237,71237,1.0,True,,"In the above data, which user has more instances with the label negative: User 71237 or User 93911? Give your final answer in the form 'User: [X]', where [X] is the user ID.","Using only the records shown, between User 71237 and User 93911, who has more records with label negative?"
413040018,user,8192,40009,original,True,True,TASK_TYPE.MOST_FREQ,TASK_TYPE.MOST_FREQ,True,ANSWER_TYPE.USER,ANSWER_TYPE.USER,True,88675,88675,1.0,True,,"In the above data, which user has the most instances with the label True? Give your final answer in the form 'User: [X]', where [X] is the user ID.","In the above data, which user has the most instances with the label True? Give your final answer in the form 'User: [X]', where [X] is the user ID."
413040018,user,8192,40009,format_removed,False,True,TASK_TYPE.MOST_FREQ,TASK_TYPE.MOST_FREQ,True,ANSWER_TYPE.USER,ANSWER_TYPE.USER,True,88675,88675,1.0,True,,"In the above data, which user has the most instances with the label True? Give your final answer in the form 'User: [X]', where [X] is the user ID.","In the above data, which user has the most instances with the label True?"
413040018,user,8192,40009,deterministic_paraphrase,False,True,TASK_TYPE.MOST_FREQ,TASK_TYPE.MOST_FREQ,True,ANSWER_TYPE.USER,ANSWER_TYPE.USER,True,88675,88675,1.0,True,,"In the above data, which user has the most instances with the label True? Give your final answer in the form 'User: [X]', where [X] is the user ID.","Using only the records shown, which user has the most instances with the label True?"
613060014,user,8192,60009,original,True,True,TASK_TYPE.MOST_FREQ,TASK_TYPE.MOST_FREQ,True,ANSWER_TYPE.USER,ANSWER_TYPE.USER,True,28828,28828,1.0,True,,"In the above data, which user is represented most often? Give your final answer in the form 'User: [X]', where [X] is the user ID.","In the above data, which user is represented most often? Give your final answer in the form 'User: [X]', where [X] is the user ID."
613060014,user,8192,60009,format_removed,False,True,TASK_TYPE.MOST_FREQ,TASK_TYPE.MOST_FREQ,True,ANSWER_TYPE.USER,ANSWER_TYPE.USER,True,28828,28828,1.0,True,,"In the above data, which user is represented most often? Give your final answer in the form 'User: [X]', where [X] is the user ID.","In the above data, which user is represented most often?"
613060014,user,8192,60009,deterministic_paraphrase,False,True,TASK_TYPE.MOST_FREQ,TASK_TYPE.MOST_FREQ,True,ANSWER_TYPE.USER,ANSWER_TYPE.USER,True,28828,28828,1.0,True,,"In the above data, which user is represented most often? Give your final answer in the form 'User: [X]', where [X] is the user ID.","Using only the records shown, which user occurs most frequently?"
314030056,user,16384,30013,original,True,True,TASK_TYPE.NUMERIC_ONE_CLASS,TASK_TYPE.NUMERIC_ONE_CLASS,True,ANSWER_TYPE.NUMERIC,ANSWER_TYPE.NUMERIC,True,1,1,1.0,True,,"For the following question, only consider the subset of instances that are associated with user IDs 68155. Among instances associated with these users, how many data points should be classified as label 'World'? Give your final answer in the form 'Answer: number'.","For the following question, only consider the subset of instances that are associated with user IDs 68155. Among instances associated with these users, how many data points should be classified as label 'World'? Give your final answer in the form 'Answer: number'."
314030056,user,16384,30013,format_removed,False,True,TASK_TYPE.NUMERIC_ONE_CLASS,TASK_TYPE.NUMERIC_ONE_CLASS,True,ANSWER_TYPE.NUMERIC,ANSWER_TYPE.NUMERIC,True,1,1,1.0,True,,"For the following question, only consider the subset of instances that are associated with user IDs 68155. Among instances associated with these users, how many data points should be classified as label 'World'? Give your final answer in the form 'Answer: number'.","For the following question, only consider the subset of instances that are associated with user IDs 68155. Among instances associated with these users, how many data points should be classified as label 'World'?"
314030056,user,16384,30013,deterministic_paraphrase,False,True,TASK_TYPE.NUMERIC_ONE_CLASS,TASK_TYPE.NUMERIC_ONE_CLASS,True,ANSWER_TYPE.NUMERIC,ANSWER_TYPE.NUMERIC,True,1,1,1.0,True,,"For the following question, only consider the subset of instances that are associated with user IDs 68155. Among instances associated with these users, how many data points should be classified as label 'World'? Give your final answer in the form 'Answer: number'.","Among records associated with user IDs 68155, what is the count of records have the label 'World'?"
714070023,user,16384,70012,original,True,True,TASK_TYPE.NUMERIC_ONE_CLASS,TASK_TYPE.NUMERIC_ONE_CLASS,True,ANSWER_TYPE.NUMERIC,ANSWER_TYPE.NUMERIC,True,1,1,1.0,True,,"For the following question, only consider the subset of instances that are associated with user IDs 96672. Among instances associated with these users, how many data points should be classified as label 'neutral'? Give your final answer in the form 'Answer: number'.","For the following question, only consider the subset of instances that are associated with user IDs 96672. Among instances associated with these users, how many data points should be classified as label 'neutral'? Give your final answer in the form 'Answer: number'."
714070023,user,16384,70012,format_removed,False,True,TASK_TYPE.NUMERIC_ONE_CLASS,TASK_TYPE.NUMERIC_ONE_CLASS,True,ANSWER_TYPE.NUMERIC,ANSWER_TYPE.NUMERIC,True,1,1,1.0,True,,"For the following question, only consider the subset of instances that are associated with user IDs 96672. Among instances associated with these users, how many data points should be classified as label 'neutral'? Give your final answer in the form 'Answer: number'.","For the following question, only consider the subset of instances that are associated with user IDs 96672. Among instances associated with these users, how many data points should be classified as label 'neutral'?"
714070023,user,16384,70012,deterministic_paraphrase,False,True,TASK_TYPE.NUMERIC_ONE_CLASS,TASK_TYPE.NUMERIC_ONE_CLASS,True,ANSWER_TYPE.NUMERIC,ANSWER_TYPE.NUMERIC,True,1,1,1.0,True,,"For the following question, only consider the subset of instances that are associated with user IDs 96672. Among instances associated with these users, how many data points should be classified as label 'neutral'? Give your final answer in the form 'Answer: number'.","Among records associated with user IDs 96672, what is the count of records have the label 'neutral'?"
814080017,user,16384,80012,original,True,True,TASK_TYPE.MOST_FREQ,TASK_TYPE.MOST_FREQ,True,ANSWER_TYPE.USER,ANSWER_TYPE.USER,True,10226,10226,1.0,True,,"In the above data, which user is represented most often? Give your final answer in the form 'User: [X]', where [X] is the user ID.","In the above data, which user is represented most often? Give your final answer in the form 'User: [X]', where [X] is the user ID."
814080017,user,16384,80012,format_removed,False,True,TASK_TYPE.MOST_FREQ,TASK_TYPE.MOST_FREQ,True,ANSWER_TYPE.USER,ANSWER_TYPE.USER,True,10226,10226,1.0,True,,"In the above data, which user is represented most often? Give your final answer in the form 'User: [X]', where [X] is the user ID.","In the above data, which user is represented most often?"
814080017,user,16384,80012,deterministic_paraphrase,False,True,TASK_TYPE.MOST_FREQ,TASK_TYPE.MOST_FREQ,True,ANSWER_TYPE.USER,ANSWER_TYPE.USER,True,10226,10226,1.0,True,,"In the above data, which user is represented most often? Give your final answer in the form 'User: [X]', where [X] is the user ID.","Using only the records shown, which user occurs most frequently?"
214020046,user,16384,20013,original,True,True,TASK_TYPE.NUMERIC_ONE_CLASS,TASK_TYPE.NUMERIC_ONE_CLASS,True,ANSWER_TYPE.NUMERIC,ANSWER_TYPE.NUMERIC,True,4,3,0.75,False,,"For the following question, only consider the subset of instances that are associated with user IDs 94784. Among instances associated with these users, how many data points should be classified as label 'positive'? Give your final answer in the form 'Answer: number'.","For the following question, only consider the subset of instances that are associated with user IDs 94784. Among instances associated with these users, how many data points should be classified as label 'positive'? Give your final answer in the form 'Answer: number'."
214020046,user,16384,20013,format_removed,False,True,TASK_TYPE.NUMERIC_ONE_CLASS,TASK_TYPE.NUMERIC_ONE_CLASS,True,ANSWER_TYPE.NUMERIC,ANSWER_TYPE.NUMERIC,True,4,3,0.75,False,,"For the following question, only consider the subset of instances that are associated with user IDs 94784. Among instances associated with these users, how many data points should be classified as label 'positive'? Give your final answer in the form 'Answer: number'.","For the following question, only consider the subset of instances that are associated with user IDs 94784. Among instances associated with these users, how many data points should be classified as label 'positive'?"
214020046,user,16384,20013,deterministic_paraphrase,False,True,TASK_TYPE.NUMERIC_ONE_CLASS,TASK_TYPE.NUMERIC_ONE_CLASS,True,ANSWER_TYPE.NUMERIC,ANSWER_TYPE.NUMERIC,True,4,3,0.75,False,,"For the following question, only consider the subset of instances that are associated with user IDs 94784. Among instances associated with these users, how many data points should be classified as label 'positive'? Give your final answer in the form 'Answer: number'.","Among records associated with user IDs 94784, what is the count of records have the label 'positive'?"
914090017,user,16384,90012,original,True,True,TASK_TYPE.MOST_FREQ,TASK_TYPE.MOST_FREQ,True,ANSWER_TYPE.LABEL,ANSWER_TYPE.LABEL,True,positive,positive,1.0,True,,"For the following question, only consider the subset of instances that are associated with user IDs 78651. Among instances associated with these users, which of the labels is the most common? Give your final answer in the form 'Label: answer' where answer is one of the labels: positive, negative.","For the following question, only consider the subset of instances that are associated with user IDs 78651. Among instances associated with these users, which of the labels is the most common? Give your final answer in the form 'Label: answer' where answer is one of the labels: positive, negative."
914090017,user,16384,90012,format_removed,False,True,TASK_TYPE.MOST_FREQ,TASK_TYPE.MOST_FREQ,True,ANSWER_TYPE.LABEL,ANSWER_TYPE.LABEL,True,positive,positive,1.0,True,,"For the following question, only consider the subset of instances that are associated with user IDs 78651. Among instances associated with these users, which of the labels is the most common? Give your final answer in the form 'Label: answer' where answer is one of the labels: positive, negative.","For the following question, only consider the subset of instances that are associated with user IDs 78651. Among instances associated with these users, which of the labels is the most common?"
914090017,user,16384,90012,deterministic_paraphrase,False,True,TASK_TYPE.MOST_FREQ,TASK_TYPE.MOST_FREQ,True,ANSWER_TYPE.LABEL,ANSWER_TYPE.LABEL,True,positive,positive,1.0,True,,"For the following question, only consider the subset of instances that are associated with user IDs 78651. Among instances associated with these users, which of the labels is the most common? Give your final answer in the form 'Label: answer' where answer is one of the labels: positive, negative.","Among records associated with user IDs 78651, which label appears most frequently?"
414040041,user,16384,40013,original,True,True,TASK_TYPE.LEAST_FREQ,TASK_TYPE.LEAST_FREQ,True,ANSWER_TYPE.LABEL,ANSWER_TYPE.LABEL,True,false,False,1.0,True,,"For the following question, only consider the subset of instances that are associated with user IDs 69440. Among instances associated with these users, which of the labels is the least common? Give your final answer in the form 'Label: answer' where answer is one of the labels: False.","For the following question, only consider the subset of instances that are associated with user IDs 69440. Among instances associated with these users, which of the labels is the least common? Give your final answer in the form 'Label: answer' where answer is one of the labels: False."
414040041,user,16384,40013,format_removed,False,True,TASK_TYPE.LEAST_FREQ,TASK_TYPE.LEAST_FREQ,True,ANSWER_TYPE.LABEL,ANSWER_TYPE.LABEL,True,false,False,1.0,True,,"For the following question, only consider the subset of instances that are associated with user IDs 69440. Among instances associated with these users, which of the labels is the least common? Give your final answer in the form 'Label: answer' where answer is one of the labels: False.","For the following question, only consider the subset of instances that are associated with user IDs 69440. Among instances associated with these users, which of the labels is the least common?"
414040041,user,16384,40013,deterministic_paraphrase,False,True,TASK_TYPE.LEAST_FREQ,TASK_TYPE.LEAST_FREQ,True,ANSWER_TYPE.LABEL,ANSWER_TYPE.LABEL,True,false,False,1.0,True,,"For the following question, only consider the subset of instances that are associated with user IDs 69440. Among instances associated with these users, which of the labels is the least common? Give your final answer in the form 'Label: answer' where answer is one of the labels: False.","Among records associated with user IDs 69440, which label appears least frequently?"
614060026,user,16384,60012,original,True,True,TASK_TYPE.RELATIVE_FREQ,TASK_TYPE.RELATIVE_FREQ,True,ANSWER_TYPE.USER,ANSWER_TYPE.USER,True,18982,18982,1.0,True,,"In the above data, which user has more instances with the label formal: User 18982 or User 14018? Give your final answer in the form 'User: [X]', where [X] is the user ID.","In the above data, which user has more instances with the label formal: User 18982 or User 14018? Give your final answer in the form 'User: [X]', where [X] is the user ID."
614060026,user,16384,60012,format_removed,False,True,TASK_TYPE.RELATIVE_FREQ,TASK_TYPE.RELATIVE_FREQ,True,ANSWER_TYPE.USER,ANSWER_TYPE.USER,True,18982,18982,1.0,True,,"In the above data, which user has more instances with the label formal: User 18982 or User 14018? Give your final answer in the form 'User: [X]', where [X] is the user ID.","In the above data, which user has more instances with the label formal: User 18982 or User 14018?"
614060026,user,16384,60012,deterministic_paraphrase,False,True,TASK_TYPE.RELATIVE_FREQ,TASK_TYPE.RELATIVE_FREQ,True,ANSWER_TYPE.USER,ANSWER_TYPE.USER,True,18982,18982,1.0,True,,"In the above data, which user has more instances with the label formal: User 18982 or User 14018? Give your final answer in the form 'User: [X]', where [X] is the user ID.","Using only the records shown, between User 18982 and User 14018, who has more records with label formal?"
914090049,user,16384,90013,original,True,True,TASK_TYPE.RELATIVE_FREQ,TASK_TYPE.RELATIVE_FREQ,True,ANSWER_TYPE.USER,ANSWER_TYPE.USER,True,64455,64455,1.0,True,,"In the above data, which user has more instances with the label positive: User 64455 or User 12068? Give your final answer in the form 'User: [X]', where [X] is the user ID.","In the above data, which user has more instances with the label positive: User 64455 or User 12068? Give your final answer in the form 'User: [X]', where [X] is the user ID."
914090049,user,16384,90013,format_removed,False,True,TASK_TYPE.RELATIVE_FREQ,TASK_TYPE.RELATIVE_FREQ,True,ANSWER_TYPE.USER,ANSWER_TYPE.USER,True,64455,64455,1.0,True,,"In the above data, which user has more instances with the label positive: User 64455 or User 12068? Give your final answer in the form 'User: [X]', where [X] is the user ID.","In the above data, which user has more instances with the label positive: User 64455 or User 12068?"
914090049,user,16384,90013,deterministic_paraphrase,False,True,TASK_TYPE.RELATIVE_FREQ,TASK_TYPE.RELATIVE_FREQ,True,ANSWER_TYPE.USER,ANSWER_TYPE.USER,True,64455,64455,1.0,True,,"In the above data, which user has more instances with the label positive: User 64455 or User 12068? Give your final answer in the form 'User: [X]', where [X] is the user ID.","Using only the records shown, between User 64455 and User 12068, who has more records with label positive?"
915090049,user,32768,90017,original,True,True,TASK_TYPE.LEAST_FREQ,TASK_TYPE.LEAST_FREQ,True,ANSWER_TYPE.LABEL,ANSWER_TYPE.LABEL,True,negative,negative,1.0,True,,"For the following question, only consider the subset of instances that are associated with user IDs 93780. Among instances associated with these users, which of the labels is the least common? Give your final answer in the form 'Label: answer' where answer is one of the labels: positive, negative.","For the following question, only consider the subset of instances that are associated with user IDs 93780. Among instances associated with these users, which of the labels is the least common? Give your final answer in the form 'Label: answer' where answer is one of the labels: positive, negative."
915090049,user,32768,90017,format_removed,False,True,TASK_TYPE.LEAST_FREQ,TASK_TYPE.LEAST_FREQ,True,ANSWER_TYPE.LABEL,ANSWER_TYPE.LABEL,True,negative,negative,1.0,True,,"For the following question, only consider the subset of instances that are associated with user IDs 93780. Among instances associated with these users, which of the labels is the least common? Give your final answer in the form 'Label: answer' where answer is one of the labels: positive, negative.","For the following question, only consider the subset of instances that are associated with user IDs 93780. Among instances associated with these users, which of the labels is the least common?"
915090049,user,32768,90017,deterministic_paraphrase,False,True,TASK_TYPE.LEAST_FREQ,TASK_TYPE.LEAST_FREQ,True,ANSWER_TYPE.LABEL,ANSWER_TYPE.LABEL,True,negative,negative,1.0,True,,"For the following question, only consider the subset of instances that are associated with user IDs 93780. Among instances associated with these users, which of the labels is the least common? Give your final answer in the form 'Label: answer' where answer is one of the labels: positive, negative.","Among records associated with user IDs 93780, which label appears least frequently?"
215020045,user,32768,20017,original,True,True,TASK_TYPE.LEAST_FREQ,TASK_TYPE.LEAST_FREQ,True,ANSWER_TYPE.LABEL,ANSWER_TYPE.LABEL,True,negative,negative,1.0,True,,"For the following question, only consider the subset of instances that are associated with user IDs 47913. Among instances associated with these users, which of the labels is the least common? Give your final answer in the form 'Label: answer' where answer is one of the labels: negative.","For the following question, only consider the subset of instances that are associated with user IDs 47913. Among instances associated with these users, which of the labels is the least common? Give your final answer in the form 'Label: answer' where answer is one of the labels: negative."
215020045,user,32768,20017,format_removed,False,True,TASK_TYPE.LEAST_FREQ,TASK_TYPE.LEAST_FREQ,True,ANSWER_TYPE.LABEL,ANSWER_TYPE.LABEL,True,negative,negative,1.0,True,,"For the following question, only consider the subset of instances that are associated with user IDs 47913. Among instances associated with these users, which of the labels is the least common? Give your final answer in the form 'Label: answer' where answer is one of the labels: negative.","For the following question, only consider the subset of instances that are associated with user IDs 47913. Among instances associated with these users, which of the labels is the least common?"
215020045,user,32768,20017,deterministic_paraphrase,False,True,TASK_TYPE.LEAST_FREQ,TASK_TYPE.LEAST_FREQ,True,ANSWER_TYPE.LABEL,ANSWER_TYPE.LABEL,True,negative,negative,1.0,True,,"For the following question, only consider the subset of instances that are associated with user IDs 47913. Among instances associated with these users, which of the labels is the least common? Give your final answer in the form 'Label: answer' where answer is one of the labels: negative.","Among records associated with user IDs 47913, which label appears least frequently?"
615060049,user,32768,60017,original,True,True,TASK_TYPE.NUMERIC_ONE_CLASS,TASK_TYPE.NUMERIC_ONE_CLASS,True,ANSWER_TYPE.NUMERIC,ANSWER_TYPE.NUMERIC,True,5,6,0.75,False,,"For the following question, only consider the subset of instances that are associated with user IDs 59325. Among instances associated with these users, how many data points should be classified as label 'informal'? Give your final answer in the form 'Answer: number'.","For the following question, only consider the subset of instances that are associated with user IDs 59325. Among instances associated with these users, how many data points should be classified as label 'informal'? Give your final answer in the form 'Answer: number'."
615060049,user,32768,60017,format_removed,False,True,TASK_TYPE.NUMERIC_ONE_CLASS,TASK_TYPE.NUMERIC_ONE_CLASS,True,ANSWER_TYPE.NUMERIC,ANSWER_TYPE.NUMERIC,True,5,6,0.75,False,,"For the following question, only consider the subset of instances that are associated with user IDs 59325. Among instances associated with these users, how many data points should be classified as label 'informal'? Give your final answer in the form 'Answer: number'.","For the following question, only consider the subset of instances that are associated with user IDs 59325. Among instances associated with these users, how many data points should be classified as label 'informal'?"
615060049,user,32768,60017,deterministic_paraphrase,False,True,TASK_TYPE.NUMERIC_ONE_CLASS,TASK_TYPE.NUMERIC_ONE_CLASS,True,ANSWER_TYPE.NUMERIC,ANSWER_TYPE.NUMERIC,True,5,6,0.75,False,,"For the following question, only consider the subset of instances that are associated with user IDs 59325. Among instances associated with these users, how many data points should be classified as label 'informal'? Give your final answer in the form 'Answer: number'.","Among records associated with user IDs 59325, what is the count of records have the label 'informal'?"
815080210,user,32768,80000,original,True,True,TASK_TYPE.RELATIVE_FREQ,TASK_TYPE.RELATIVE_FREQ,True,ANSWER_TYPE.USER,ANSWER_TYPE.USER,True,18227,18227,1.0,True,,"In the above data, which user has more instances with the label incorrect: User 18227 or User 95379? Give your final answer in the form 'User: [X]', where [X] is the user ID.","In the above data, which user has more instances with the label incorrect: User 18227 or User 95379? Give your final answer in the form 'User: [X]', where [X] is the user ID."
815080210,user,32768,80000,format_removed,False,True,TASK_TYPE.RELATIVE_FREQ,TASK_TYPE.RELATIVE_FREQ,True,ANSWER_TYPE.USER,ANSWER_TYPE.USER,True,18227,18227,1.0,True,,"In the above data, which user has more instances with the label incorrect: User 18227 or User 95379? Give your final answer in the form 'User: [X]', where [X] is the user ID.","In the above data, which user has more instances with the label incorrect: User 18227 or User 95379?"
815080210,user,32768,80000,deterministic_paraphrase,False,True,TASK_TYPE.RELATIVE_FREQ,TASK_TYPE.RELATIVE_FREQ,True,ANSWER_TYPE.USER,ANSWER_TYPE.USER,True,18227,18227,1.0,True,,"In the above data, which user has more instances with the label incorrect: User 18227 or User 95379? Give your final answer in the form 'User: [X]', where [X] is the user ID.","Using only the records shown, between User 18227 and User 95379, who has more records with label incorrect?"
615060024,user,32768,60016,original,True,True,TASK_TYPE.NUMERIC_ONE_CLASS,TASK_TYPE.NUMERIC_ONE_CLASS,True,ANSWER_TYPE.NUMERIC,ANSWER_TYPE.NUMERIC,True,5,4,0.75,False,,"For the following question, only consider the subset of instances that are associated with user IDs 94205. Among instances associated with these users, how many data points should be classified as label 'formal'? Give your final answer in the form 'Answer: number'.","For the following question, only consider the subset of instances that are associated with user IDs 94205. Among instances associated with these users, how many data points should be classified as label 'formal'? Give your final answer in the form 'Answer: number'."
615060024,user,32768,60016,format_removed,False,True,TASK_TYPE.NUMERIC_ONE_CLASS,TASK_TYPE.NUMERIC_ONE_CLASS,True,ANSWER_TYPE.NUMERIC,ANSWER_TYPE.NUMERIC,True,5,4,0.75,False,,"For the following question, only consider the subset of instances that are associated with user IDs 94205. Among instances associated with these users, how many data points should be classified as label 'formal'? Give your final answer in the form 'Answer: number'.","For the following question, only consider the subset of instances that are associated with user IDs 94205. Among instances associated with these users, how many data points should be classified as label 'formal'?"
615060024,user,32768,60016,deterministic_paraphrase,False,True,TASK_TYPE.NUMERIC_ONE_CLASS,TASK_TYPE.NUMERIC_ONE_CLASS,True,ANSWER_TYPE.NUMERIC,ANSWER_TYPE.NUMERIC,True,5,4,0.75,False,,"For the following question, only consider the subset of instances that are associated with user IDs 94205. Among instances associated with these users, how many data points should be classified as label 'formal'? Give your final answer in the form 'Answer: number'.","Among records associated with user IDs 94205, what is the count of records have the label 'formal'?"
915090021,user,32768,90016,original,True,True,TASK_TYPE.MOST_FREQ,TASK_TYPE.MOST_FREQ,True,ANSWER_TYPE.USER,ANSWER_TYPE.USER,True,13447,13447,1.0,True,,"In the above data, which user is represented most often? Give your final answer in the form 'User: [X]', where [X] is the user ID.","In the above data, which user is represented most often? Give your final answer in the form 'User: [X]', where [X] is the user ID."
915090021,user,32768,90016,format_removed,False,True,TASK_TYPE.MOST_FREQ,TASK_TYPE.MOST_FREQ,True,ANSWER_TYPE.USER,ANSWER_TYPE.USER,True,13447,13447,1.0,True,,"In the above data, which user is represented most often? Give your final answer in the form 'User: [X]', where [X] is the user ID.","In the above data, which user is represented most often?"
915090021,user,32768,90016,deterministic_paraphrase,False,True,TASK_TYPE.MOST_FREQ,TASK_TYPE.MOST_FREQ,True,ANSWER_TYPE.USER,ANSWER_TYPE.USER,True,13447,13447,1.0,True,,"In the above data, which user is represented most often? Give your final answer in the form 'User: [X]', where [X] is the user ID.","Using only the records shown, which user occurs most frequently?"
815080232,user,32768,80001,original,True,True,TASK_TYPE.LEAST_FREQ,TASK_TYPE.LEAST_FREQ,True,ANSWER_TYPE.LABEL,ANSWER_TYPE.LABEL,True,incorrect,incorrect,1.0,True,,"For the following question, only consider the subset of instances that are associated with user IDs 72134. Among instances associated with these users, which of the labels is the least common? Give your final answer in the form 'Label: answer' where answer is one of the labels: incorrect, correct.","For the following question, only consider the subset of instances that are associated with user IDs 72134. Among instances associated with these users, which of the labels is the least common? Give your final answer in the form 'Label: answer' where answer is one of the labels: incorrect, correct."
815080232,user,32768,80001,format_removed,False,True,TASK_TYPE.LEAST_FREQ,TASK_TYPE.LEAST_FREQ,True,ANSWER_TYPE.LABEL,ANSWER_TYPE.LABEL,True,incorrect,incorrect,1.0,True,,"For the following question, only consider the subset of instances that are associated with user IDs 72134. Among instances associated with these users, which of the labels is the least common? Give your final answer in the form 'Label: answer' where answer is one of the labels: incorrect, correct.","For the following question, only consider the subset of instances that are associated with user IDs 72134. Among instances associated with these users, which of the labels is the least common?"
815080232,user,32768,80001,deterministic_paraphrase,False,True,TASK_TYPE.LEAST_FREQ,TASK_TYPE.LEAST_FREQ,True,ANSWER_TYPE.LABEL,ANSWER_TYPE.LABEL,True,incorrect,incorrect,1.0,True,,"For the following question, only consider the subset of instances that are associated with user IDs 72134. Among instances associated with these users, which of the labels is the least common? Give your final answer in the form 'Label: answer' where answer is one of the labels: incorrect, correct.","Among records associated with user IDs 72134, which label appears least frequently?"
315030053,user,32768,30017,original,True,True,TASK_TYPE.MOST_FREQ,TASK_TYPE.MOST_FREQ,True,ANSWER_TYPE.USER,ANSWER_TYPE.USER,True,45089,45089,1.0,True,,"In the above data, which user is represented most often? Give your final answer in the form 'User: [X]', where [X] is the user ID.","In the above data, which user is represented most often? Give your final answer in the form 'User: [X]', where [X] is the user ID."
315030053,user,32768,30017,format_removed,False,True,TASK_TYPE.MOST_FREQ,TASK_TYPE.MOST_FREQ,True,ANSWER_TYPE.USER,ANSWER_TYPE.USER,True,45089,45089,1.0,True,,"In the above data, which user is represented most often? Give your final answer in the form 'User: [X]', where [X] is the user ID.","In the above data, which user is represented most often?"
315030053,user,32768,30017,deterministic_paraphrase,False,True,TASK_TYPE.MOST_FREQ,TASK_TYPE.MOST_FREQ,True,ANSWER_TYPE.USER,ANSWER_TYPE.USER,True,45089,45089,1.0,True,,"In the above data, which user is represented most often? Give your final answer in the form 'User: [X]', where [X] is the user ID.","Using only the records shown, which user occurs most frequently?"
616060049,user,65536,60019,original,True,True,TASK_TYPE.SECOND_MOST_FREQ,TASK_TYPE.SECOND_MOST_FREQ,True,ANSWER_TYPE.USER,ANSWER_TYPE.USER,True,94958,94958,1.0,True,,"In the above data, which user is represented the second most often? Give your final answer in the form 'User: [X]', where [X] is the user ID.","In the above data, which user is represented the second most often? Give your final answer in the form 'User: [X]', where [X] is the user ID."
616060049,user,65536,60019,format_removed,False,True,TASK_TYPE.SECOND_MOST_FREQ,TASK_TYPE.SECOND_MOST_FREQ,True,ANSWER_TYPE.USER,ANSWER_TYPE.USER,True,94958,94958,1.0,True,,"In the above data, which user is represented the second most often? Give your final answer in the form 'User: [X]', where [X] is the user ID.","In the above data, which user is represented the second most often?"
616060049,user,65536,60019,deterministic_paraphrase,False,True,TASK_TYPE.SECOND_MOST_FREQ,TASK_TYPE.SECOND_MOST_FREQ,True,ANSWER_TYPE.USER,ANSWER_TYPE.USER,True,94958,94958,1.0,True,,"In the above data, which user is represented the second most often? Give your final answer in the form 'User: [X]', where [X] is the user ID.","Using only the records shown, which user has the second-highest number of records?"
216020051,user,65536,20019,original,True,True,TASK_TYPE.NUMERIC_ONE_CLASS,TASK_TYPE.NUMERIC_ONE_CLASS,True,ANSWER_TYPE.NUMERIC,ANSWER_TYPE.NUMERIC,True,4,4,1.0,True,,"For the following question, only consider the subset of instances that are associated with user IDs 55683. Among instances associated with these users, how many data points should be classified as label 'positive'? Give your final answer in the form 'Answer: number'.","For the following question, only consider the subset of instances that are associated with user IDs 55683. Among instances associated with these users, how many data points should be classified as label 'positive'? Give your final answer in the form 'Answer: number'."
216020051,user,65536,20019,format_removed,False,True,TASK_TYPE.NUMERIC_ONE_CLASS,TASK_TYPE.NUMERIC_ONE_CLASS,True,ANSWER_TYPE.NUMERIC,ANSWER_TYPE.NUMERIC,True,4,4,1.0,True,,"For the following question, only consider the subset of instances that are associated with user IDs 55683. Among instances associated with these users, how many data points should be classified as label 'positive'? Give your final answer in the form 'Answer: number'.","For the following question, only consider the subset of instances that are associated with user IDs 55683. Among instances associated with these users, how many data points should be classified as label 'positive'?"
216020051,user,65536,20019,deterministic_paraphrase,False,True,TASK_TYPE.NUMERIC_ONE_CLASS,TASK_TYPE.NUMERIC_ONE_CLASS,True,ANSWER_TYPE.NUMERIC,ANSWER_TYPE.NUMERIC,True,4,4,1.0,True,,"For the following question, only consider the subset of instances that are associated with user IDs 55683. Among instances associated with these users, how many data points should be classified as label 'positive'? Give your final answer in the form 'Answer: number'.","Among records associated with user IDs 55683, what is the count of records have the label 'positive'?"
816080231,user,65536,80004,original,True,True,TASK_TYPE.MOST_FREQ,TASK_TYPE.MOST_FREQ,True,ANSWER_TYPE.USER,ANSWER_TYPE.USER,True,28835,28835,1.0,True,,"In the above data, which user is represented most often? Give your final answer in the form 'User: [X]', where [X] is the user ID.","In the above data, which user is represented most often? Give your final answer in the form 'User: [X]', where [X] is the user ID."
816080231,user,65536,80004,format_removed,False,True,TASK_TYPE.MOST_FREQ,TASK_TYPE.MOST_FREQ,True,ANSWER_TYPE.USER,ANSWER_TYPE.USER,True,28835,28835,1.0,True,,"In the above data, which user is represented most often? Give your final answer in the form 'User: [X]', where [X] is the user ID.","In the above data, which user is represented most often?"
816080231,user,65536,80004,deterministic_paraphrase,False,True,TASK_TYPE.MOST_FREQ,TASK_TYPE.MOST_FREQ,True,ANSWER_TYPE.USER,ANSWER_TYPE.USER,True,28835,28835,1.0,True,,"In the above data, which user is represented most often? Give your final answer in the form 'User: [X]', where [X] is the user ID.","Using only the records shown, which user occurs most frequently?"
716070052,user,65536,70019,original,True,True,TASK_TYPE.MOST_FREQ,TASK_TYPE.MOST_FREQ,True,ANSWER_TYPE.LABEL,ANSWER_TYPE.LABEL,True,contradiction,contradiction,1.0,True,,"For the following question, only consider the subset of instances that are associated with user IDs 92067. Among instances associated with these users, which of the labels is the most common? Give your final answer in the form 'Label: answer' where answer is one of the labels: neutral, contradiction, entailment.","For the following question, only consider the subset of instances that are associated with user IDs 92067. Among instances associated with these users, which of the labels is the most common? Give your final answer in the form 'Label: answer' where answer is one of the labels: neutral, contradiction, entailment."
716070052,user,65536,70019,format_removed,False,True,TASK_TYPE.MOST_FREQ,TASK_TYPE.MOST_FREQ,True,ANSWER_TYPE.LABEL,ANSWER_TYPE.LABEL,True,contradiction,contradiction,1.0,True,,"For the following question, only consider the subset of instances that are associated with user IDs 92067. Among instances associated with these users, which of the labels is the most common? Give your final answer in the form 'Label: answer' where answer is one of the labels: neutral, contradiction, entailment.","For the following question, only consider the subset of instances that are associated with user IDs 92067. Among instances associated with these users, which of the labels is the most common?"
716070052,user,65536,70019,deterministic_paraphrase,False,True,TASK_TYPE.MOST_FREQ,TASK_TYPE.MOST_FREQ,True,ANSWER_TYPE.LABEL,ANSWER_TYPE.LABEL,True,contradiction,contradiction,1.0,True,,"For the following question, only consider the subset of instances that are associated with user IDs 92067. Among instances associated with these users, which of the labels is the most common? Give your final answer in the form 'Label: answer' where answer is one of the labels: neutral, contradiction, entailment.","Among records associated with user IDs 92067, which label appears most frequently?"
716070036,user,65536,70018,original,True,True,TASK_TYPE.MOST_FREQ,TASK_TYPE.MOST_FREQ,True,ANSWER_TYPE.USER,ANSWER_TYPE.USER,True,89217,26640,0.0,False,,"In the above data, which user has the most instances with the label entailment? Give your final answer in the form 'User: [X]', where [X] is the user ID.","In the above data, which user has the most instances with the label entailment? Give your final answer in the form 'User: [X]', where [X] is the user ID."
716070036,user,65536,70018,format_removed,False,True,TASK_TYPE.MOST_FREQ,TASK_TYPE.MOST_FREQ,True,ANSWER_TYPE.USER,ANSWER_TYPE.USER,True,89217,26640,0.0,False,,"In the above data, which user has the most instances with the label entailment? Give your final answer in the form 'User: [X]', where [X] is the user ID.","In the above data, which user has the most instances with the label entailment?"
716070036,user,65536,70018,deterministic_paraphrase,False,True,TASK_TYPE.MOST_FREQ,TASK_TYPE.MOST_FREQ,True,ANSWER_TYPE.USER,ANSWER_TYPE.USER,True,89217,26640,0.0,False,,"In the above data, which user has the most instances with the label entailment? Give your final answer in the form 'User: [X]', where [X] is the user ID.","Using only the records shown, which user has the most instances with the label entailment?"
816080211,user,65536,80003,original,True,True,TASK_TYPE.RELATIVE_FREQ,TASK_TYPE.RELATIVE_FREQ,True,ANSWER_TYPE.COMPARISON,ANSWER_TYPE.COMPARISON,True,less common than,less common than,1.0,True,,"For the following question, only consider the subset of instances that are associated with user IDs 47197. Among instances associated with these users, is label 'correct' more common, less common, or the same frequency as label 'incorrect'? Give your final answer in the form 'Answer: correct is [X] incorrect', where [X] is 'more common than', 'less common than', or 'same frequency as'.","For the following question, only consider the subset of instances that are associated with user IDs 47197. Among instances associated with these users, is label 'correct' more common, less common, or the same frequency as label 'incorrect'? Give your final answer in the form 'Answer: correct is [X] incorrect', where [X] is 'more common than', 'less common than', or 'same frequency as'."
816080211,user,65536,80003,format_removed,True,True,TASK_TYPE.RELATIVE_FREQ,TASK_TYPE.RELATIVE_FREQ,True,ANSWER_TYPE.COMPARISON,ANSWER_TYPE.COMPARISON,True,less common than,less common than,1.0,True,,"For the following question, only consider the subset of instances that are associated with user IDs 47197. Among instances associated with these users, is label 'correct' more common, less common, or the same frequency as label 'incorrect'? Give your final answer in the form 'Answer: correct is [X] incorrect', where [X] is 'more common than', 'less common than', or 'same frequency as'.","For the following question, only consider the subset of instances that are associated with user IDs 47197. Among instances associated with these users, is label 'correct' more common, less common, or the same frequency as label 'incorrect'?"
816080211,user,65536,80003,deterministic_paraphrase,False,True,TASK_TYPE.RELATIVE_FREQ,TASK_TYPE.RELATIVE_FREQ,True,ANSWER_TYPE.COMPARISON,ANSWER_TYPE.COMPARISON,True,less common than,less common than,1.0,True,,"For the following question, only consider the subset of instances that are associated with user IDs 47197. Among instances associated with these users, is label 'correct' more common, less common, or the same frequency as label 'incorrect'? Give your final answer in the form 'Answer: correct is [X] incorrect', where [X] is 'more common than', 'less common than', or 'same frequency as'.","Among records associated with user IDs 47197, compare how often the label 'correct' appears versus the label 'incorrect'; is 'correct' higher, lower, or tied?"
616060025,user,65536,60018,original,True,True,TASK_TYPE.LEAST_FREQ,TASK_TYPE.LEAST_FREQ,True,ANSWER_TYPE.LABEL,ANSWER_TYPE.LABEL,True,informal,formal,0.0,False,,"For the following question, only consider the subset of instances that are associated with user IDs 27173. Among instances associated with these users, which of the labels is the least common? Give your final answer in the form 'Label: answer' where answer is one of the labels: formal, informal.","For the following question, only consider the subset of instances that are associated with user IDs 27173. Among instances associated with these users, which of the labels is the least common? Give your final answer in the form 'Label: answer' where answer is one of the labels: formal, informal."
616060025,user,65536,60018,format_removed,False,True,TASK_TYPE.LEAST_FREQ,TASK_TYPE.LEAST_FREQ,True,ANSWER_TYPE.LABEL,ANSWER_TYPE.LABEL,True,informal,formal,0.0,False,,"For the following question, only consider the subset of instances that are associated with user IDs 27173. Among instances associated with these users, which of the labels is the least common? Give your final answer in the form 'Label: answer' where answer is one of the labels: formal, informal.","For the following question, only consider the subset of instances that are associated with user IDs 27173. Among instances associated with these users, which of the labels is the least common?"
616060025,user,65536,60018,deterministic_paraphrase,False,True,TASK_TYPE.LEAST_FREQ,TASK_TYPE.LEAST_FREQ,True,ANSWER_TYPE.LABEL,ANSWER_TYPE.LABEL,True,informal,formal,0.0,False,,"For the following question, only consider the subset of instances that are associated with user IDs 27173. Among instances associated with these users, which of the labels is the least common? Give your final answer in the form 'Label: answer' where answer is one of the labels: formal, informal.","Among records associated with user IDs 27173, which label appears least frequently?"
916090022,user,65536,90018,original,True,True,TASK_TYPE.MOST_FREQ,TASK_TYPE.MOST_FREQ,True,ANSWER_TYPE.LABEL,ANSWER_TYPE.LABEL,True,positive,negative,0.0,False,,"For the following question, only consider the subset of instances that are associated with user IDs 92376. Among instances associated with these users, which of the labels is the most common? Give your final answer in the form 'Label: answer' where answer is one of the labels: negative, positive.","For the following question, only consider the subset of instances that are associated with user IDs 92376. Among instances associated with these users, which of the labels is the most common? Give your final answer in the form 'Label: answer' where answer is one of the labels: negative, positive."
916090022,user,65536,90018,format_removed,False,True,TASK_TYPE.MOST_FREQ,TASK_TYPE.MOST_FREQ,True,ANSWER_TYPE.LABEL,ANSWER_TYPE.LABEL,True,positive,negative,0.0,False,,"For the following question, only consider the subset of instances that are associated with user IDs 92376. Among instances associated with these users, which of the labels is the most common? Give your final answer in the form 'Label: answer' where answer is one of the labels: negative, positive.","For the following question, only consider the subset of instances that are associated with user IDs 92376. Among instances associated with these users, which of the labels is the most common?"
916090022,user,65536,90018,deterministic_paraphrase,False,True,TASK_TYPE.MOST_FREQ,TASK_TYPE.MOST_FREQ,True,ANSWER_TYPE.LABEL,ANSWER_TYPE.LABEL,True,positive,negative,0.0,False,,"For the following question, only consider the subset of instances that are associated with user IDs 92376. Among instances associated with these users, which of the labels is the most common? Give your final answer in the form 'Label: answer' where answer is one of the labels: negative, positive.","Among records associated with user IDs 92376, which label appears most frequently?"
917090031,user,131072,90021,original,True,True,TASK_TYPE.NUMERIC_ONE_CLASS,TASK_TYPE.NUMERIC_ONE_CLASS,True,ANSWER_TYPE.NUMERIC,ANSWER_TYPE.NUMERIC,True,10,10,1.0,True,,"For the following question, only consider the subset of instances that are associated with user IDs 31109. Among instances associated with these users, how many data points should be classified as label 'positive'? Give your final answer in the form 'Answer: number'.","For the following question, only consider the subset of instances that are associated with user IDs 31109. Among instances associated with these users, how many data points should be classified as label 'positive'? Give your final answer in the form 'Answer: number'."
917090031,user,131072,90021,format_removed,False,True,TASK_TYPE.NUMERIC_ONE_CLASS,TASK_TYPE.NUMERIC_ONE_CLASS,True,ANSWER_TYPE.NUMERIC,ANSWER_TYPE.NUMERIC,True,10,10,1.0,True,,"For the following question, only consider the subset of instances that are associated with user IDs 31109. Among instances associated with these users, how many data points should be classified as label 'positive'? Give your final answer in the form 'Answer: number'.","For the following question, only consider the subset of instances that are associated with user IDs 31109. Among instances associated with these users, how many data points should be classified as label 'positive'?"
917090031,user,131072,90021,deterministic_paraphrase,False,True,TASK_TYPE.NUMERIC_ONE_CLASS,TASK_TYPE.NUMERIC_ONE_CLASS,True,ANSWER_TYPE.NUMERIC,ANSWER_TYPE.NUMERIC,True,10,10,1.0,True,,"For the following question, only consider the subset of instances that are associated with user IDs 31109. Among instances associated with these users, how many data points should be classified as label 'positive'? Give your final answer in the form 'Answer: number'.","Among records associated with user IDs 31109, what is the count of records have the label 'positive'?"
717070060,user,131072,70022,original,True,True,TASK_TYPE.RELATIVE_FREQ,TASK_TYPE.RELATIVE_FREQ,True,ANSWER_TYPE.USER,ANSWER_TYPE.USER,True,73197,73197,1.0,True,,"In the above data, which user has more instances with the label entailment: User 73197 or User 69294? Give your final answer in the form 'User: [X]', where [X] is the user ID.","In the above data, which user has more instances with the label entailment: User 73197 or User 69294? Give your final answer in the form 'User: [X]', where [X] is the user ID."
717070060,user,131072,70022,format_removed,False,True,TASK_TYPE.RELATIVE_FREQ,TASK_TYPE.RELATIVE_FREQ,True,ANSWER_TYPE.USER,ANSWER_TYPE.USER,True,73197,73197,1.0,True,,"In the above data, which user has more instances with the label entailment: User 73197 or User 69294? Give your final answer in the form 'User: [X]', where [X] is the user ID.","In the above data, which user has more instances with the label entailment: User 73197 or User 69294?"
717070060,user,131072,70022,deterministic_paraphrase,False,True,TASK_TYPE.RELATIVE_FREQ,TASK_TYPE.RELATIVE_FREQ,True,ANSWER_TYPE.USER,ANSWER_TYPE.USER,True,73197,73197,1.0,True,,"In the above data, which user has more instances with the label entailment: User 73197 or User 69294? Give your final answer in the form 'User: [X]', where [X] is the user ID.","Using only the records shown, between User 73197 and User 69294, who has more records with label entailment?"
217020056,user,131072,20022,original,True,True,TASK_TYPE.MOST_FREQ,TASK_TYPE.MOST_FREQ,True,ANSWER_TYPE.USER,ANSWER_TYPE.USER,True,28749,28749,1.0,True,,"In the above data, which user has the most instances with the label positive? Give your final answer in the form 'User: [X]', where [X] is the user ID.","In the above data, which user has the most instances with the label positive? Give your final answer in the form 'User: [X]', where [X] is the user ID."
217020056,user,131072,20022,format_removed,False,True,TASK_TYPE.MOST_FREQ,TASK_TYPE.MOST_FREQ,True,ANSWER_TYPE.USER,ANSWER_TYPE.USER,True,28749,28749,1.0,True,,"In the above data, which user has the most instances with the label positive? Give your final answer in the form 'User: [X]', where [X] is the user ID.","In the above data, which user has the most instances with the label positive?"
217020056,user,131072,20022,deterministic_paraphrase,False,True,TASK_TYPE.MOST_FREQ,TASK_TYPE.MOST_FREQ,True,ANSWER_TYPE.USER,ANSWER_TYPE.USER,True,28749,28749,1.0,True,,"In the above data, which user has the most instances with the label positive? Give your final answer in the form 'User: [X]', where [X] is the user ID.","Using only the records shown, which user has the most instances with the label positive?"
317030038,user,131072,30021,original,True,True,TASK_TYPE.RELATIVE_FREQ,TASK_TYPE.RELATIVE_FREQ,True,ANSWER_TYPE.COMPARISON,ANSWER_TYPE.COMPARISON,True,same frequency as,more common than,0.0,False,,"For the following question, only consider the subset of instances that are associated with user IDs 40261. Among instances associated with these users, is label 'Sci/Tech' more common, less common, or the same frequency as label 'Sports'? Give your final answer in the form 'Answer: Sci/Tech is [X] Sports', where [X] is 'more common than', 'less common than', or 'same frequency as'.","For the following question, only consider the subset of instances that are associated with user IDs 40261. Among instances associated with these users, is label 'Sci/Tech' more common, less common, or the same frequency as label 'Sports'? Give your final answer in the form 'Answer: Sci/Tech is [X] Sports', where [X] is 'more common than', 'less common than', or 'same frequency as'."
317030038,user,131072,30021,format_removed,True,True,TASK_TYPE.RELATIVE_FREQ,TASK_TYPE.RELATIVE_FREQ,True,ANSWER_TYPE.COMPARISON,ANSWER_TYPE.COMPARISON,True,same frequency as,more common than,0.0,False,,"For the following question, only consider the subset of instances that are associated with user IDs 40261. Among instances associated with these users, is label 'Sci/Tech' more common, less common, or the same frequency as label 'Sports'? Give your final answer in the form 'Answer: Sci/Tech is [X] Sports', where [X] is 'more common than', 'less common than', or 'same frequency as'.","For the following question, only consider the subset of instances that are associated with user IDs 40261. Among instances associated with these users, is label 'Sci/Tech' more common, less common, or the same frequency as label 'Sports'?"
317030038,user,131072,30021,deterministic_paraphrase,False,True,TASK_TYPE.RELATIVE_FREQ,TASK_TYPE.RELATIVE_FREQ,True,ANSWER_TYPE.COMPARISON,ANSWER_TYPE.COMPARISON,True,same frequency as,more common than,0.0,False,,"For the following question, only consider the subset of instances that are associated with user IDs 40261. Among instances associated with these users, is label 'Sci/Tech' more common, less common, or the same frequency as label 'Sports'? Give your final answer in the form 'Answer: Sci/Tech is [X] Sports', where [X] is 'more common than', 'less common than', or 'same frequency as'.","Among records associated with user IDs 40261, compare how often the label 'Sci/Tech' appears versus the label 'Sports'; is 'Sci/Tech' higher, lower, or tied?"
717070028,user,131072,70021,original,True,True,TASK_TYPE.LEAST_FREQ,TASK_TYPE.LEAST_FREQ,True,ANSWER_TYPE.LABEL,ANSWER_TYPE.LABEL,True,neutral,entailment,0.0,False,,"For the following question, only consider the subset of instances that are associated with user IDs 41076. Among instances associated with these users, which of the labels is the least common? Give your final answer in the form 'Label: answer' where answer is one of the labels: contradiction, neutral, entailment.","For the following question, only consider the subset of instances that are associated with user IDs 41076. Among instances associated with these users, which of the labels is the least common? Give your final answer in the form 'Label: answer' where answer is one of the labels: contradiction, neutral, entailment."
717070028,user,131072,70021,format_removed,False,True,TASK_TYPE.LEAST_FREQ,TASK_TYPE.LEAST_FREQ,True,ANSWER_TYPE.LABEL,ANSWER_TYPE.LABEL,True,neutral,entailment,0.0,False,,"For the following question, only consider the subset of instances that are associated with user IDs 41076. Among instances associated with these users, which of the labels is the least common? Give your final answer in the form 'Label: answer' where answer is one of the labels: contradiction, neutral, entailment.","For the following question, only consider the subset of instances that are associated with user IDs 41076. Among instances associated with these users, which of the labels is the least common?"
717070028,user,131072,70021,deterministic_paraphrase,False,True,TASK_TYPE.LEAST_FREQ,TASK_TYPE.LEAST_FREQ,True,ANSWER_TYPE.LABEL,ANSWER_TYPE.LABEL,True,neutral,entailment,0.0,False,,"For the following question, only consider the subset of instances that are associated with user IDs 41076. Among instances associated with these users, which of the labels is the least common? Give your final answer in the form 'Label: answer' where answer is one of the labels: contradiction, neutral, entailment.","Among records associated with user IDs 41076, which label appears least frequently?"
617060027,user,131072,60021,original,True,True,TASK_TYPE.LEAST_FREQ,TASK_TYPE.LEAST_FREQ,True,ANSWER_TYPE.LABEL,ANSWER_TYPE.LABEL,True,informal,formal,0.0,False,,"For the following question, only consider the subset of instances that are associated with user IDs 80154. Among instances associated with these users, which of the labels is the least common? Give your final answer in the form 'Label: answer' where answer is one of the labels: formal, informal.","For the following question, only consider the subset of instances that are associated with user IDs 80154. Among instances associated with these users, which of the labels is the least common? Give your final answer in the form 'Label: answer' where answer is one of the labels: formal, informal."
617060027,user,131072,60021,format_removed,False,True,TASK_TYPE.LEAST_FREQ,TASK_TYPE.LEAST_FREQ,True,ANSWER_TYPE.LABEL,ANSWER_TYPE.LABEL,True,informal,formal,0.0,False,,"For the following question, only consider the subset of instances that are associated with user IDs 80154. Among instances associated with these users, which of the labels is the least common? Give your final answer in the form 'Label: answer' where answer is one of the labels: formal, informal.","For the following question, only consider the subset of instances that are associated with user IDs 80154. Among instances associated with these users, which of the labels is the least common?"
617060027,user,131072,60021,deterministic_paraphrase,False,True,TASK_TYPE.LEAST_FREQ,TASK_TYPE.LEAST_FREQ,True,ANSWER_TYPE.LABEL,ANSWER_TYPE.LABEL,True,informal,formal,0.0,False,,"For the following question, only consider the subset of instances that are associated with user IDs 80154. Among instances associated with these users, which of the labels is the least common? Give your final answer in the form 'Label: answer' where answer is one of the labels: formal, informal.","Among records associated with user IDs 80154, which label appears least frequently?"
617060054,user,131072,60022,original,True,True,TASK_TYPE.MOST_FREQ,TASK_TYPE.MOST_FREQ,True,ANSWER_TYPE.USER,ANSWER_TYPE.USER,True,43149,43149,1.0,True,,"In the above data, which user has the most instances with the label informal? Give your final answer in the form 'User: [X]', where [X] is the user ID.","In the above data, which user has the most instances with the label informal? Give your final answer in the form 'User: [X]', where [X] is the user ID."
617060054,user,131072,60022,format_removed,False,True,TASK_TYPE.MOST_FREQ,TASK_TYPE.MOST_FREQ,True,ANSWER_TYPE.USER,ANSWER_TYPE.USER,True,43149,43149,1.0,True,,"In the above data, which user has the most instances with the label informal? Give your final answer in the form 'User: [X]', where [X] is the user ID.","In the above data, which user has the most instances with the label informal?"
617060054,user,131072,60022,deterministic_paraphrase,False,True,TASK_TYPE.MOST_FREQ,TASK_TYPE.MOST_FREQ,True,ANSWER_TYPE.USER,ANSWER_TYPE.USER,True,43149,43149,1.0,True,,"In the above data, which user has the most instances with the label informal? Give your final answer in the form 'User: [X]', where [X] is the user ID.","Using only the records shown, which user has the most instances with the label informal?"
217020029,user,131072,20021,original,True,True,TASK_TYPE.NUMERIC_ONE_CLASS,TASK_TYPE.NUMERIC_ONE_CLASS,True,ANSWER_TYPE.NUMERIC,ANSWER_TYPE.NUMERIC,True,4,4,1.0,True,,"For the following question, only consider the subset of instances that are associated with user IDs 51669. Among instances associated with these users, how many data points should be classified as label 'positive'? Give your final answer in the form 'Answer: number'.","For the following question, only consider the subset of instances that are associated with user IDs 51669. Among instances associated with these users, how many data points should be classified as label 'positive'? Give your final answer in the form 'Answer: number'."
217020029,user,131072,20021,format_removed,False,True,TASK_TYPE.NUMERIC_ONE_CLASS,TASK_TYPE.NUMERIC_ONE_CLASS,True,ANSWER_TYPE.NUMERIC,ANSWER_TYPE.NUMERIC,True,4,4,1.0,True,,"For the following question, only consider the subset of instances that are associated with user IDs 51669. Among instances associated with these users, how many data points should be classified as label 'positive'? Give your final answer in the form 'Answer: number'.","For the following question, only consider the subset of instances that are associated with user IDs 51669. Among instances associated with these users, how many data points should be classified as label 'positive'?"
217020029,user,131072,20021,deterministic_paraphrase,False,True,TASK_TYPE.NUMERIC_ONE_CLASS,TASK_TYPE.NUMERIC_ONE_CLASS,True,ANSWER_TYPE.NUMERIC,ANSWER_TYPE.NUMERIC,True,4,4,1.0,True,,"For the following question, only consider the subset of instances that are associated with user IDs 51669. Among instances associated with these users, how many data points should be classified as label 'positive'? Give your final answer in the form 'Answer: number'.","Among records associated with user IDs 51669, what is the count of records have the label 'positive'?"
